/* Generated by tools/generate_ui_assets.py. Do not edit. */

#define UI_ASSET_COMPETITION_LOGO_RAW_SIZE (10032U)
#define UI_ASSET_COMPETITION_LOGO_CRC32 (0xE08FD676U)
static const uint8_t g_competition_logo_rgb565_rle[] = {
    0x3c, 0xff, 0xff, 0x01, 0xdf, 0xff, 0x43, 0xff, 0xff, 0x01, 0xbe, 0xff, 0x01, 0x5c, 0xff, 0x01,
    0xdb, 0xfe, 0x01, 0x9a, 0xfe, 0x01, 0x7a, 0xfe, 0x01, 0x9a, 0xfe, 0x01, 0xda, 0xfe, 0x01, 0x1c,
    0xff, 0x01, 0x5c, 0xff, 0x01, 0xbd, 0xff, 0x48, 0xff, 0xff, 0x01, 0xbe, 0xff, 0x01, 0x9a, 0xf6,
    0x01, 0x35, 0xdd, 0x01, 0xf1, 0xdb, 0x01, 0xcc, 0xe2, 0x01, 0xe9, 0xe1, 0x01, 0x46, 0xd1, 0x01,
    0xe5, 0xe0, 0x01, 0xa6, 0xe8, 0x01, 0x85, 0xd0, 0x01, 0x28, 0xc9, 0x01, 0xca, 0xc1, 0x01, 0x27,
    0xc1, 0x01, 0xa6, 0xd8, 0x01, 0x06, 0xd9, 0x01, 0x66, 0xd1, 0x01, 0x08, 0xd2, 0x01, 0xec, 0xe2,
    0x01, 0x32, 0xdc, 0x01, 0x76, 0xe5, 0x01, 0xbb, 0xfe, 0x01, 0xbf, 0xff, 0x3f, 0xff, 0xff, 0x01,
    0x3c, 0xff, 0x01, 0x16, 0xed, 0x01, 0xef, 0xf2, 0x01, 0xa9, 0xd9, 0x01, 0xe6, 0xd0, 0x01, 0x44,
    0xc8, 0x01, 0x23, 0xd0, 0x02, 0x42, 0xd8, 0x01, 0x42, 0xe0, 0x01, 0x02, 0xf0, 0x01, 0x22, 0xd0,
    0x01, 0x4e, 0xdb, 0x01, 0x7a, 0xf6, 0x01, 0x1d, 0xff, 0x01, 0xb7, 0xf5, 0x01, 0xe9, 0xd9, 0x01,
    0x02, 0xd0, 0x01, 0x42, 0xe8, 0x01, 0x22, 0xe0, 0x01, 0x22, 0xd8, 0x01, 0x22, 0xd0, 0x01, 0x64,
    0xc8, 0x01, 0x07, 0xd1, 0x01, 0xeb, 0xd9, 0x01, 0x71, 0xeb, 0x01, 0x77, 0xed, 0x01, 0x5d, 0xff,
    0x39, 0xff, 0xff, 0x01, 0xfe, 0xff, 0x01, 0x37, 0xee, 0x01, 0x8e, 0xdb, 0x01, 0x46, 0xd1, 0x01,
    0x63, 0xd0, 0x01, 0x02, 0xe0, 0x01, 0x22, 0xe0, 0x01, 0x23, 0xe0, 0x02, 0x43, 0xe8, 0x01, 0x64,
    0xe8, 0x01, 0x83, 0xe0, 0x01, 0x63, 0xe8, 0x01, 0x22, 0xd8, 0x01, 0x2c, 0xd3, 0x04, 0xff, 0xff,
    0x01, 0xda, 0xfe, 0x01, 0x67, 0xc9, 0x01, 0x43, 0xe8, 0x02, 0x43, 0xf0, 0x01, 0x44, 0xf0, 0x02,
    0x43, 0xe0, 0x01, 0x43, 0xd8, 0x01, 0x42, 0xd0, 0x01, 0x64, 0xd0, 0x01, 0xa8, 0xd9, 0x01, 0x11,
    0xec, 0x01, 0xba, 0xf6, 0x35, 0xff, 0xff, 0x01, 0xdf, 0xff, 0x01, 0x56, 0xed, 0x01, 0x6a, 0xda,
    0x01, 0xc4, 0xc8, 0x01, 0x01, 0xd8, 0x01, 0x02, 0xf0, 0x01, 0x21, 0xf0, 0x01, 0x81, 0xe0, 0x01,
    0x82, 0xe8, 0x01, 0x62, 0xe8, 0x01, 0x63, 0xe8, 0x01, 0x44, 0xf0, 0x01, 0x64, 0xe8, 0x01, 0x64,
    0xe0, 0x01, 0x44, 0xe8, 0x01, 0xa5, 0xd8, 0x01, 0x18, 0xf6, 0x05, 0xff, 0xff, 0x01, 0xf1, 0xe3,
    0x01, 0x43, 0xd0, 0x01, 0x64, 0xe0, 0x02, 0x64, 0xe8, 0x01, 0x43, 0xe8, 0x01, 0x83, 0xe8, 0x01,
    0x82, 0xe0, 0x01, 0x82, 0xe8, 0x01, 0x43, 0xf0, 0x01, 0x02, 0xe8, 0x01, 0x02, 0xd8, 0x01, 0xc5,
    0xd0, 0x01, 0x2e, 0xdb, 0x01, 0x19, 0xf6, 0x32, 0xff, 0xff, 0x01, 0x58, 0xf6, 0x01, 0xac, 0xd2,
    0x01, 0x44, 0xd8, 0x01, 0x03, 0xe8, 0x01, 0x02, 0xe0, 0x01, 0x22, 0xd8, 0x01, 0x43, 0xd8, 0x01,
    0x62, 0xd8, 0x02, 0x62, 0xe8, 0x01, 0x63, 0xf0, 0x01, 0x43, 0xf0, 0x01, 0x44, 0xf0, 0x02, 0x44,
    0xe8, 0x01, 0x24, 0xe0, 0x01, 0x48, 0xc9, 0x01, 0x5c, 0xff, 0x05, 0xff, 0xff, 0x01, 0x56, 0xe5,
    0x01, 0x63, 0xc8, 0x01, 0x83, 0xe0, 0x01, 0x64, 0xe0, 0x01, 0x44, 0xe8, 0x01, 0x44, 0xf0, 0x01,
    0x63, 0xf0, 0x01, 0x43, 0xf0, 0x01, 0x42, 0xe8, 0x01, 0x83, 0xc0, 0x01, 0x67, 0xd1, 0x01, 0x27,
    0xe1, 0x01, 0x04, 0xd8, 0x01, 0x03, 0xd8, 0x01, 0xc6, 0xd0, 0x01, 0x8f, 0xdb, 0x01, 0xfb, 0xf6,
    0x2e, 0xff, 0xff, 0x01, 0x7e, 0xff, 0x01, 0xf1, 0xdb, 0x01, 0xc5, 0xd8, 0x01, 0x03, 0xd8, 0x01,
    0x24, 0xe8, 0x01, 0x64, 0xd0, 0x01, 0x6a, 0xd2, 0x01, 0xb2, 0xec, 0x01, 0x92, 0xe4, 0x01, 0x4a,
    0xd2, 0x01, 0x64, 0xd8, 0x01, 0x44, 0xe0, 0x04, 0x64, 0xe8, 0x01, 0x63, 0xe8, 0x01, 0x43, 0xe0,
    0x01, 0x26, 0xc9, 0x01, 0xfa, 0xfe, 0x05, 0xff, 0xff, 0x01, 0x15, 0xe5, 0x01, 0x43, 0xd0, 0x01,
    0x43, 0xf0, 0x02, 0x44, 0xe8, 0x01, 0x84, 0xe8, 0x01, 0x64, 0xe0, 0x01, 0x84, 0xd8, 0x01, 0xe5,
    0xd0, 0x01, 0xd4, 0xe4, 0x01, 0x1c, 0xff, 0x01, 0xdb, 0xf6, 0x01, 0xb3, 0xec, 0x01, 0xe6, 0xd0,
    0x01, 0x24, 0xe0, 0x01, 0x23, 0xd8, 0x01, 0x46, 0xc9, 0x01, 0xf4, 0xe4, 0x2c, 0xff, 0xff, 0x01,
    0x59, 0xfe, 0x01, 0x0a, 0xda, 0x01, 0x23, 0xd0, 0x01, 0x23, 0xe0, 0x01, 0x64, 0xf0, 0x01, 0x24,
    0xd8, 0x01, 0x6e, 0xd3, 0x01, 0xbe, 0xff, 0x02, 0xff, 0xff, 0x01, 0x7e, 0xff, 0x01, 0x0f, 0xdb,
    0x01, 0x44, 0xd0, 0x01, 0x63, 0xe0, 0x01, 0x62, 0xe8, 0x02, 0x43, 0xf0, 0x01, 0x64, 0xe0, 0x01,
    0x63, 0xe8, 0x01, 0x64, 0xd0, 0x01, 0x76, 0xed, 0x02, 0xff, 0xff, 0x01, 0xff, 0xf7, 0x01, 0xff,
    0xef, 0x01, 0xff, 0xff, 0x01, 0x2f, 0xeb, 0x01, 0x22, 0xd8, 0x01, 0x43, 0xf0, 0x01, 0x45, 0xe8,
    0x01, 0x64, 0xe0, 0x01, 0x83, 0xe0, 0x01, 0xa3, 0xe0, 0x01, 0xa4, 0xc0, 0x01, 0xf5, 0xe4, 0x04,
    0xff, 0xff, 0x01, 0x15, 0xed, 0x01, 0x65, 0xd0, 0x01, 0x04, 0xf8, 0x01, 0x43, 0xd8, 0x01, 0xa3,
    0xc0, 0x01, 0x0d, 0xdb, 0x01, 0x5c, 0xff, 0x26, 0xff, 0xff, 0x01, 0xdf, 0xff, 0x02, 0xff, 0xff,
    0x01, 0xb7, 0xed, 0x01, 0x27, 0xc9, 0x01, 0x02, 0xd8, 0x01, 0x62, 0xe8, 0x01, 0x63, 0xe0, 0x01,
    0x23, 0xe8, 0x01, 0x47, 0xd1, 0x01, 0xfc, 0xfe, 0x04, 0xff, 0xff, 0x01, 0x7b, 0xfe, 0x01, 0x07,
    0xd1, 0x01, 0x43, 0xe0, 0x01, 0x82, 0xe8, 0x01, 0x42, 0xf0, 0x01, 0x43, 0xe8, 0x01, 0x84, 0xe0,
    0x01, 0x63, 0xe8, 0x01, 0x23, 0xe0, 0x01, 0x4a, 0xca, 0x01, 0x3c, 0xff, 0x03, 0xff, 0xff, 0x01,
    0x96, 0xfd, 0x01, 0xc6, 0xe0, 0x01, 0x62, 0xe0, 0x01, 0x64, 0xe8, 0x01, 0x45, 0xe0, 0x01, 0x44,
    0xe0, 0x01, 0x63, 0xe8, 0x01, 0x42, 0xe0, 0x01, 0xe9, 0xc9, 0x01, 0x7f, 0xff, 0x04, 0xff, 0xff,
    0x01, 0x7e, 0xff, 0x01, 0xa9, 0xd9, 0x01, 0x04, 0xf0, 0x01, 0x64, 0xe8, 0x01, 0x82, 0xd8, 0x01,
    0x22, 0xd0, 0x01, 0x4a, 0xd2, 0x01, 0xbc, 0xfe, 0x25, 0xff, 0xff, 0x01, 0xdf, 0xff, 0x01, 0xff,
    0xff, 0x01, 0x76, 0xed, 0x01, 0xc6, 0xc0, 0x01, 0x23, 0xd8, 0x01, 0x84, 0xe0, 0x01, 0x83, 0xe0,
    0x01, 0x63, 0xe8, 0x01, 0x02, 0xe0, 0x01, 0x2d, 0xdb, 0x01, 0xff, 0xff, 0x02, 0xdf, 0xff, 0x02,
    0xff, 0xff, 0x01, 0xdf, 0xff, 0x01, 0x6b, 0xda, 0x01, 0x22, 0xd8, 0x01, 0x82, 0xe0, 0x01, 0x63,
    0xe8, 0x01, 0x84, 0xe0, 0x01, 0x84, 0xd8, 0x01, 0x63, 0xe8, 0x01, 0x82, 0xe8, 0x01, 0x62, 0xd0,
    0x01, 0x0a, 0xda, 0x01, 0x16, 0xf5, 0x01, 0xf9, 0xf5, 0x01, 0x32, 0xec, 0x01, 0x26, 0xd9, 0x01,
    0x43, 0xe0, 0x01, 0xa2, 0xe0, 0x01, 0x83, 0xe0, 0x01, 0x65, 0xe0, 0x01, 0x44, 0xe8, 0x01, 0x43,
    0xf8, 0x01, 0x02, 0xe8, 0x01, 0x0d, 0xdb, 0x04, 0xff, 0xff, 0x01, 0xff, 0xf7, 0x01, 0xff, 0xff,
    0x01, 0xed, 0xda, 0x01, 0x03, 0xe8, 0x01, 0x44, 0xf0, 0x02, 0x83, 0xe0, 0x01, 0x03, 0xe0, 0x01,
    0x89, 0xd1, 0x01, 0xbb, 0xf6, 0x03, 0xff, 0xff, 0x01, 0xff, 0xf7, 0x21, 0xff, 0xff, 0x01, 0xb6,
    0xf5, 0x01, 0xa5, 0xd8, 0x01, 0x23, 0xe0, 0x01, 0x64, 0xe8, 0x01, 0x43, 0xe8, 0x01, 0x84, 0xe8,
    0x01, 0x44, 0xf0, 0x01, 0x03, 0xe0, 0x01, 0x4d, 0xd3, 0x06, 0xff, 0xff, 0x01, 0xac, 0xd2, 0x01,
    0x22, 0xd8, 0x01, 0x83, 0xe8, 0x01, 0x63, 0xe0, 0x01, 0x84, 0xd8, 0x01, 0x84, 0xe0, 0x01, 0x63,
    0xf0, 0x01, 0x82, 0xe0, 0x01, 0x43, 0xf0, 0x01, 0x03, 0xe0, 0x01, 0x03, 0xd0, 0x01, 0x04, 0xc8,
    0x01, 0x03, 0xd0, 0x01, 0x23, 0xe0, 0x01, 0xa3, 0xe0, 0x01, 0x82, 0xe8, 0x01, 0x63, 0xe8, 0x02,
    0x64, 0xe8, 0x01, 0x23, 0xf0, 0x01, 0x02, 0xe0, 0x01, 0x0d, 0xdb, 0x06, 0xff, 0xff, 0x01, 0xcc,
    0xd2, 0x01, 0x22, 0xe0, 0x01, 0x23, 0xf0, 0x01, 0x64, 0xf0, 0x01, 0x63, 0xe8, 0x01, 0x44, 0xf0,
    0x01, 0x03, 0xe8, 0x01, 0xe9, 0xd9, 0x01, 0x3b, 0xff, 0x23, 0xff, 0xff, 0x01, 0x1b, 0xf7, 0x01,
    0x86, 0xc1, 0x01, 0x02, 0xf0, 0x01, 0x22, 0xf8, 0x01, 0x83, 0xe0, 0x01, 0x64, 0xe0, 0x01, 0x44,
    0xf0, 0x01, 0x64, 0xf0, 0x01, 0x02, 0xe0, 0x01, 0x4a, 0xe2, 0x01, 0xdd, 0xff, 0x01, 0xff, 0xf7,
    0x03, 0xff, 0xff, 0x01, 0x7d, 0xff, 0x01, 0xca, 0xd9, 0x01, 0x23, 0xe8, 0x01, 0x43, 0xe0, 0x01,
    0x64, 0xe8, 0x01, 0x84, 0xe0, 0x01, 0x64, 0xe8, 0x01, 0x23, 0xf8, 0x01, 0x43, 0xf0, 0x01, 0x23,
    0xd8, 0x01, 0xe6, 0xc8, 0x01, 0xac, 0xda, 0x01, 0x90, 0xeb, 0x01, 0xcd, 0xe2, 0x01, 0x47, 0xd1,
    0x01, 0x43, 0xd0, 0x01, 0x43, 0xe8, 0x01, 0x43, 0xf0, 0x01, 0x84, 0xe8, 0x01, 0x84, 0xe0, 0x01,
    0x63, 0xe8, 0x01, 0x23, 0xe0, 0x01, 0xa9, 0xd1, 0x01, 0x3d, 0xff, 0x04, 0xff, 0xff, 0x01, 0xfb,
    0xfe, 0x01, 0x66, 0xc1, 0x01, 0x43, 0xe0, 0x01, 0x43, 0xf0, 0x01, 0x44, 0xf0, 0x01, 0x63, 0xe8,
    0x01, 0xa3, 0xd8, 0x01, 0x62, 0xf0, 0x01, 0x02, 0xe0, 0x01, 0xec, 0xda, 0x01, 0xfe, 0xff, 0x21,
    0xff, 0xff, 0x01, 0xde, 0xff, 0x01, 0xec, 0xca, 0x01, 0x23, 0xd0, 0x01, 0x43, 0xf0, 0x01, 0x42,
    0xf0, 0x01, 0x83, 0xe0, 0x01, 0x64, 0xe8, 0x01, 0x64, 0xf0, 0x01, 0x64, 0xe8, 0x01, 0x43, 0xf0,
    0x01, 0x84, 0xd8, 0x01, 0xb6, 0xf5, 0x04, 0xff, 0xff, 0x01, 0x55, 0xf5, 0x01, 0x64, 0xd0, 0x01,
    0x43, 0xe8, 0x01, 0x63, 0xe8, 0x01, 0x43, 0xe8, 0x01, 0x64, 0xe8, 0x01, 0x63, 0xe0, 0x01, 0x24,
    0xf0, 0x01, 0x04, 0xd8, 0x01, 0xac, 0xd2, 0x01, 0x78, 0xf6, 0x03, 0xff, 0xff, 0x01, 0xdb, 0xfe,
    0x01, 0x0f, 0xe3, 0x01, 0x64, 0xd0, 0x01, 0x44, 0xe8, 0x01, 0x63, 0xe8, 0x01, 0xa3, 0xe0, 0x01,
    0x63, 0xe0, 0x01, 0x64, 0xe8, 0x01, 0x64, 0xd0, 0x01, 0xb0, 0xeb, 0x03, 0xff, 0xff, 0x01, 0xbf,
    0xff, 0x01, 0x6f, 0xdb, 0x01, 0x63, 0xd0, 0x01, 0x63, 0xe8, 0x02, 0x63, 0xe0, 0x01, 0x64, 0xe8,
    0x01, 0xa3, 0xd8, 0x01, 0xa2, 0xd8, 0x01, 0x22, 0xf8, 0x01, 0x23, 0xd0, 0x01, 0xf3, 0xe4, 0x21,
    0xff, 0xff, 0x01, 0x35, 0xed, 0x01, 0x44, 0xc8, 0x01, 0x44, 0xe8, 0x01, 0x63, 0xe8, 0x01, 0x82,
    0xe0, 0x01, 0x63, 0xe8, 0x01, 0x44, 0xe8, 0x01, 0x64, 0xe0, 0x01, 0x84, 0xe8, 0x01, 0x63, 0xe8,
    0x01, 0x23, 0xe8, 0x01, 0xc8, 0xd1, 0x01, 0x18, 0xf6, 0x02, 0x5d, 0xff, 0x01, 0x77, 0xf5, 0x01,
    0x67, 0xd1, 0x01, 0x23, 0xe0, 0x01, 0x63, 0xe8, 0x01, 0x83, 0xe0, 0x02, 0x44, 0xf0, 0x01, 0x64,
    0xe0, 0x01, 0x43, 0xd0, 0x01, 0xee, 0xda, 0x01, 0x9e, 0xff, 0x05, 0xff, 0xff, 0x01, 0xdf, 0xff,
    0x01, 0xd0, 0xe3, 0x01, 0x64, 0xc0, 0x01, 0x64, 0xe0, 0x01, 0x63, 0xe8, 0x01, 0x83, 0xe8, 0x01,
    0x63, 0xe0, 0x01, 0x64, 0xe0, 0x01, 0x84, 0xd0, 0x01, 0xae, 0xdb, 0x01, 0xd7, 0xed, 0x01, 0xb8,
    0xf5, 0x01, 0x0e, 0xe3, 0x01, 0x84, 0xd0, 0x01, 0x63, 0xe8, 0x01, 0x62, 0xe8, 0x01, 0x63, 0xe0,
    0x01, 0x84, 0xe0, 0x01, 0x64, 0xe8, 0x01, 0x63, 0xe8, 0x01, 0xa2, 0xd8, 0x01, 0x63, 0xe8, 0x01,
    0x03, 0xe8, 0x01, 0x27, 0xc9, 0x01, 0xbb, 0xf6, 0x1f, 0xff, 0xff, 0x01, 0x7d, 0xff, 0x01, 0xe9,
    0xd1, 0x01, 0x04, 0xe0, 0x01, 0x24, 0xf8, 0x01, 0x44, 0xe8, 0x01, 0x84, 0xe0, 0x02, 0x64, 0xe8,
    0x01, 0x43, 0xe8, 0x01, 0x83, 0xe0, 0x01, 0x83, 0xe8, 0x01, 0x43, 0xf0, 0x01, 0x23, 0xd8, 0x01,
    0x65, 0xc8, 0x01, 0xab, 0xca, 0x01, 0xcb, 0xc2, 0x01, 0xa5, 0xb8, 0x01, 0x02, 0xd8, 0x01, 0x43,
    0xf8, 0x01, 0x82, 0xe0, 0x01, 0xa3, 0xd8, 0x01, 0x43, 0xe8, 0x01, 0x44, 0xe8, 0x01, 0x43, 0xd0,
    0x01, 0xc8, 0xd1, 0x01, 0x3d, 0xff, 0x02, 0xff, 0xff, 0x01, 0x9f, 0xff, 0x01, 0xfe, 0xf6, 0x01,
    0xdf, 0xff, 0x02, 0xff, 0xff, 0x01, 0xbe, 0xff, 0x01, 0xab, 0xca, 0x01, 0x23, 0xd8, 0x01, 0x43,
    0xf0, 0x01, 0x42, 0xe8, 0x01, 0x83, 0xe8, 0x01, 0x63, 0xe8, 0x01, 0x63, 0xe0, 0x01, 0x01, 0xc8,
    0x02, 0x23, 0xc8, 0x01, 0x02, 0xc8, 0x01, 0x03, 0xe0, 0x01, 0x22, 0xe8, 0x01, 0x63, 0xe8, 0x01,
    0x64, 0xe0, 0x02, 0x44, 0xe8, 0x02, 0x43, 0xf0, 0x01, 0x43, 0xe8, 0x01, 0x64, 0xe8, 0x01, 0x24,
    0xd0, 0x01, 0xd0, 0xdb, 0x1f, 0xff, 0xff, 0x01, 0x55, 0xfd, 0x01, 0x64, 0xc8, 0x01, 0x44, 0xe8,
    0x01, 0x24, 0xf8, 0x01, 0x44, 0xe8, 0x01, 0x64, 0xe0, 0x01, 0x84, 0xe0, 0x01, 0x64, 0xe0, 0x01,
    0x64, 0xe8, 0x01, 0x83, 0xd8, 0x01, 0x62, 0xe8, 0x01, 0x22, 0xd8, 0x01, 0xea, 0xd9, 0x01, 0x95,
    0xec, 0x01, 0xb8, 0xed, 0x01, 0xf7, 0xed, 0x01, 0x55, 0xed, 0x01, 0x0e, 0xe3, 0x01, 0x64, 0xd0,
    0x01, 0x42, 0xf0, 0x01, 0xa2, 0xe0, 0x01, 0x84, 0xe8, 0x01, 0x25, 0xe8, 0x01, 0x85, 0xc8, 0x01,
    0xf7, 0xf5, 0x02, 0xff, 0xff, 0x01, 0xd8, 0xf5, 0x01, 0x4b, 0xd2, 0x01, 0x69, 0xd1, 0x01, 0x2c,
    0xe2, 0x01, 0x97, 0xfd, 0x02, 0xff, 0xff, 0x01, 0x79, 0xf6, 0x01, 0xc4, 0xd8, 0x01, 0x42, 0xf0,
    0x01, 0x64, 0xe8, 0x01, 0x63, 0xe8, 0x01, 0x62, 0xd8, 0x01, 0x85, 0xc0, 0x01, 0xce, 0xe2, 0x01,
    0x73, 0xec, 0x01, 0xf5, 0xec, 0x01, 0x52, 0xe4, 0x01, 0x4b, 0xd2, 0x01, 0x24, 0xd8, 0x01, 0x03,
    0xf0, 0x01, 0x63, 0xe8, 0x01, 0x83, 0xe0, 0x01, 0x64, 0xe8, 0x01, 0x44, 0xf0, 0x01, 0x24, 0xf8,
    0x01, 0x83, 0xe0, 0x01, 0x84, 0xd8, 0x01, 0x04, 0xe8, 0x01, 0x67, 0xd1, 0x01, 0x3c, 0xff, 0x1e,
    0xff, 0xff, 0x01, 0x4e, 0xe3, 0x01, 0x02, 0xd8, 0x01, 0x44, 0xe8, 0x01, 0x44, 0xf0, 0x01, 0x64,
    0xe8, 0x02, 0x84, 0xe0, 0x02, 0x64, 0xe8, 0x01, 0x84, 0xe0, 0x01, 0x63, 0xd0, 0x01, 0x6f, 0xeb,
    0x01, 0x5e, 0xff, 0x05, 0xff, 0xff, 0x01, 0xb4, 0xe4, 0x01, 0xa4, 0xd8, 0x01, 0x41, 0xe8, 0x01,
    0x63, 0xe8, 0x01, 0x05, 0xe0, 0x01, 0xae, 0xe2, 0x02, 0xff, 0xff, 0x01, 0x59, 0xf6, 0x01, 0x07,
    0xc9, 0x01, 0x22, 0xd8, 0x01, 0x23, 0xe8, 0x01, 0x02, 0xe8, 0x01, 0xc5, 0xd0, 0x01, 0xd6, 0xed,
    0x02, 0xff, 0xff, 0x01, 0xec, 0xe2, 0x01, 0x22, 0xe0, 0x01, 0x44, 0xe8, 0x01, 0x22, 0xe0, 0x01,
    0x85, 0xc9, 0x01, 0x78, 0xed, 0x01, 0xdf, 0xff, 0x03, 0xff, 0xff, 0x01, 0xbf, 0xff, 0x01, 0x73,
    0xec, 0x01, 0x85, 0xd8, 0x01, 0x63, 0xe0, 0x01, 0xa3, 0xd8, 0x01, 0x84, 0xe0, 0x01, 0x44, 0xf0,
    0x01, 0x24, 0xf0, 0x01, 0xa3, 0xd8, 0x01, 0xa4, 0xd8, 0x01, 0x04, 0xf8, 0x01, 0x23, 0xd8, 0x01,
    0x55, 0xf5, 0x1d, 0xff, 0xff, 0x01, 0x7d, 0xff, 0x01, 0xc9, 0xc9, 0x01, 0x43, 0xe0, 0x01, 0x64,
    0xe8, 0x01, 0x44, 0xf0, 0x01, 0x63, 0xe8, 0x01, 0x84, 0xe0, 0x01, 0x64, 0xe0, 0x01, 0x44, 0xf0,
    0x01, 0x24, 0xf8, 0x01, 0x24, 0xd0, 0x01, 0xf0, 0xdb, 0x01, 0xdf, 0xff, 0x07, 0xff, 0xff, 0x01,
    0xd4, 0xdc, 0x01, 0x64, 0xd0, 0x01, 0x43, 0xf0, 0x01, 0x43, 0xe0, 0x01, 0x75, 0xed, 0x01, 0xff,
    0xff, 0x01, 0xde, 0xff, 0x01, 0x8c, 0xd2, 0x01, 0x04, 0xd8, 0x01, 0x64, 0xe8, 0x01, 0x83, 0xe8,
    0x01, 0x44, 0xf0, 0x01, 0x03, 0xd0, 0x01, 0xc9, 0xd1, 0x01, 0x7e, 0xff, 0x01, 0xff, 0xff, 0x01,
    0x54, 0xe5, 0x01, 0x42, 0xc8, 0x01, 0x04, 0xe8, 0x01, 0x07, 0xd1, 0x01, 0x57, 0xfe, 0x07, 0xff,
    0xff, 0x01, 0x76, 0xed, 0x01, 0xc6, 0xc8, 0x01, 0x44, 0xe0, 0x01, 0x64, 0xe8, 0x01, 0x44, 0xf0,
    0x01, 0x43, 0xf0, 0x01, 0x83, 0xe0, 0x01, 0xa4, 0xe0, 0x01, 0x44, 0xf0, 0x01, 0x02, 0xd8, 0x01,
    0xaf, 0xdb, 0x1d, 0xff, 0xff, 0x01, 0x7b, 0xee, 0x01, 0xe6, 0xc8, 0x01, 0x43, 0xe8, 0x02, 0x64,
    0xe8, 0x02, 0x64, 0xe0, 0x01, 0x64, 0xe8, 0x01, 0x43, 0xf0, 0x01, 0x03, 0xe8, 0x01, 0x4c, 0xe2,
    0x01, 0xdf, 0xff, 0x01, 0xff, 0xff, 0x01, 0xdf, 0xff, 0x01, 0x96, 0xed, 0x01, 0xaf, 0xdb, 0x01,
    0x32, 0xe4, 0x01, 0xb8, 0xf5, 0x01, 0x9e, 0xff, 0x02, 0xff, 0xff, 0x01, 0x4f, 0xdb, 0x01, 0x01,
    0xd8, 0x01, 0xa7, 0xd1, 0x01, 0x7c, 0xff, 0x01, 0xff, 0xff, 0x01, 0x75, 0xdd, 0x01, 0x65, 0xc8,
    0x01, 0x24, 0xf0, 0x01, 0x63, 0xe8, 0x01, 0x83, 0xe8, 0x01, 0x63, 0xe0, 0x01, 0x44, 0xe8, 0x01,
    0x04, 0xe0, 0x01, 0x76, 0xf5, 0x01, 0xff, 0xff, 0x01, 0xdb, 0xf6, 0x01, 0x25, 0xc9, 0x01, 0x45,
    0xd8, 0x01, 0x17, 0xf5, 0x02, 0xff, 0xff, 0x01, 0x9e, 0xff, 0x01, 0x19, 0xf6, 0x01, 0x37, 0xf5,
    0x01, 0x1b, 0xfe, 0x01, 0xdf, 0xff, 0x02, 0xff, 0xff, 0x01, 0x33, 0xe4, 0x01, 0x45, 0xd0, 0x01,
    0x43, 0xe8, 0x01, 0x63, 0xe8, 0x01, 0x43, 0xf0, 0x01, 0x63, 0xe8, 0x01, 0x83, 0xe0, 0x01, 0x84,
    0xe8, 0x01, 0x02, 0xe0, 0x01, 0x8c, 0xda, 0x1d, 0xff, 0xff, 0x01, 0xb9, 0xed, 0x01, 0x85, 0xd0,
    0x01, 0x43, 0xe8, 0x01, 0x64, 0xe8, 0x01, 0x64, 0xe0, 0x01, 0x84, 0xe8, 0x01, 0x63, 0xe0, 0x01,
    0x64, 0xe8, 0x01, 0x23, 0xf0, 0x01, 0x84, 0xd0, 0x01, 0x18, 0xf6, 0x01, 0xff, 0xff, 0x01, 0xdf,
    0xff, 0x01, 0xd1, 0xd3, 0x01, 0x83, 0xc0, 0x01, 0x01, 0xd8, 0x01, 0x03, 0xe0, 0x01, 0x65, 0xc8,
    0x01, 0x0c, 0xcb, 0x01, 0x1d, 0xff, 0x01, 0xff, 0xff, 0x01, 0xfc, 0xfe, 0x01, 0xc5, 0xc0, 0x01,
    0x4d, 0xdb, 0x02, 0xff, 0xff, 0x01, 0xed, 0xd2, 0x01, 0x03, 0xe0, 0x01, 0x24, 0xf8, 0x01, 0x63,
    0xe0, 0x01, 0x83, 0xe8, 0x01, 0x63, 0xe0, 0x01, 0x64, 0xe8, 0x01, 0x02, 0xe8, 0x01, 0x8f, 0xe3,
    0x01, 0xff, 0xff, 0x01, 0xdf, 0xff, 0x01, 0xa8, 0xc9, 0x01, 0xcd, 0xda, 0x02, 0xff, 0xff, 0x01,
    0xf8, 0xed, 0x01, 0x2a, 0xd2, 0x01, 0xa5, 0xd0, 0x01, 0x65, 0xd8, 0x01, 0x86, 0xd0, 0x01, 0xee,
    0xda, 0x01, 0x5c, 0xff, 0x01, 0xff, 0xff, 0x01, 0x9f, 0xff, 0x01, 0x0a, 0xd2, 0x01, 0x22, 0xe0,
    0x01, 0x83, 0xe8, 0x01, 0x63, 0xe8, 0x01, 0x62, 0xf0, 0x02, 0x83, 0xe0, 0x01, 0x02, 0xe8, 0x01,
    0x0a, 0xe2, 0x01, 0x9f, 0xff, 0x1c, 0xff, 0xff, 0x01, 0x77, 0xf5, 0x01, 0x65, 0xd0, 0x01, 0x43,
    0xf0, 0x02, 0x64, 0xe0, 0x01, 0x84, 0xe8, 0x01, 0x43, 0xe8, 0x01, 0x64, 0xe8, 0x01, 0x02, 0xe0,
    0x01, 0xab, 0xda, 0x02, 0xff, 0xff, 0x01, 0xd5, 0xec, 0x01, 0x44, 0xc0, 0x01, 0x62, 0xe0, 0x01,
    0x42, 0xf8, 0x01, 0x23, 0xf8, 0x01, 0x23, 0xf0, 0x01, 0x01, 0xd0, 0x01, 0xae, 0xe2, 0x01, 0x9f,
    0xff, 0x01, 0xff, 0xff, 0x01, 0x8f, 0xcb, 0x01, 0x94, 0xdc, 0x01, 0xff, 0xff, 0x01, 0x9c, 0xfe,
    0x01, 0xe6, 0xd8, 0x01, 0x03, 0xf0, 0x01, 0x64, 0xf0, 0x01, 0x83, 0xd8, 0x02, 0x64, 0xe0, 0x01,
    0x84, 0xe0, 0x01, 0x22, 0xe0, 0x01, 0x29, 0xda, 0x01, 0x9e, 0xff, 0x01, 0xff, 0xff, 0x01, 0x8d,
    0xda, 0x01, 0x19, 0xf6, 0x01, 0xff, 0xff, 0x01, 0x39, 0xf6, 0x01, 0x07, 0xc1, 0x01, 0x03, 0xd8,
    0x02, 0x43, 0xe8, 0x01, 0x23, 0xf0, 0x01, 0x02, 0xd0, 0x01, 0x2d, 0xd3, 0x01, 0xde, 0xff, 0x01,
    0xff, 0xff, 0x01, 0xd3, 0xec, 0x01, 0x21, 0xd0, 0x03, 0x63, 0xe8, 0x01, 0x62, 0xe8, 0x01, 0x63,
    0xe0, 0x01, 0x02, 0xf0, 0x01, 0xa9, 0xe1, 0x01, 0x7e, 0xff, 0x1c, 0xff, 0xff, 0x01, 0xd8, 0xf5,
    0x01, 0x85, 0xd0, 0x01, 0x43, 0xe8, 0x02, 0x64, 0xe0, 0x01, 0x64, 0xe8, 0x01, 0x44, 0xf0, 0x01,
    0x64, 0xe0, 0x01, 0x42, 0xd0, 0x01, 0x92, 0xec, 0x01, 0xff, 0xff, 0x01, 0x1c, 0xff, 0x01, 0x88,
    0xd1, 0x01, 0x23, 0xd8, 0x01, 0x83, 0xe0, 0x02, 0x63, 0xe8, 0x01, 0x62, 0xe0, 0x01, 0x22, 0xf8,
    0x01, 0x44, 0xd8, 0x01, 0x77, 0xf5, 0x01, 0xff, 0xff, 0x01, 0x5a, 0xee, 0x01, 0xb1, 0xd3, 0x01,
    0xff, 0xff, 0x01, 0x74, 0xe4, 0x01, 0x23, 0xe0, 0x01, 0x43, 0xe8, 0x01, 0x63, 0xe0, 0x01, 0x84,
    0xe0, 0x02, 0x64, 0xe8, 0x01, 0x84, 0xe0, 0x01, 0x63, 0xd8, 0x01, 0x06, 0xd9, 0x01, 0x3d, 0xff,
    0x01, 0x3a, 0xf6, 0x01, 0x70, 0xd3, 0x02, 0xff, 0xff, 0x01, 0xcb, 0xda, 0x01, 0x04, 0xe0, 0x01,
    0x64, 0xe8, 0x01, 0xa3, 0xd8, 0x01, 0x82, 0xe0, 0x01, 0x62, 0xf0, 0x01, 0x42, 0xe8, 0x01, 0x84,
    0xd0, 0x01, 0x97, 0xf5, 0x01, 0xff, 0xff, 0x01, 0xda, 0xfe, 0x01, 0x05, 0xc9, 0x01, 0x24, 0xe8,
    0x01, 0x63, 0xe8, 0x01, 0x83, 0xe0, 0x01, 0x63, 0xe8, 0x01, 0x64, 0xe8, 0x01, 0x02, 0xe8, 0x01,
    0xe9, 0xe1, 0x01, 0x7e, 0xff, 0x1c, 0xff, 0xff, 0x01, 0x5a, 0xf6, 0x01, 0xc5, 0xd0, 0x01, 0x43,
    0xe8, 0x01, 0x64, 0xe0, 0x01, 0x64, 0xe8, 0x02, 0x44, 0xf0, 0x01, 0x64, 0xe0, 0x01, 0xa3, 0xc8,
    0x01, 0xd7, 0xfd, 0x01, 0xff, 0xff, 0x01, 0xf5, 0xec, 0x01, 0x22, 0xd8, 0x01, 0x64, 0xe8, 0x01,
    0x64, 0xe0, 0x01, 0x45, 0xe8, 0x01, 0x64, 0xe0, 0x01, 0xa3, 0xd8, 0x01, 0x63, 0xe8, 0x01, 0x23,
    0xd8, 0x01, 0xee, 0xe2, 0x01, 0xff, 0xff, 0x01, 0xdf, 0xff, 0x01, 0x91, 0xc3, 0x01, 0x39, 0xee,
    0x01, 0xed, 0xe2, 0x01, 0x01, 0xd8, 0x01, 0x83, 0xd8, 0x01, 0x64, 0xe8, 0x01, 0x24, 0xf0, 0x01,
    0x44, 0xe8, 0x01, 0x64, 0xe8, 0x01, 0x63, 0xe8, 0x01, 0x63, 0xe0, 0x01, 0x84, 0xd0, 0x01, 0x38,
    0xfe, 0x01, 0xaf, 0xdb, 0x01, 0x36, 0xe5, 0x01, 0xff, 0xff, 0x01, 0x99, 0xf6, 0x01, 0x03, 0xc9,
    0x01, 0x23, 0xf0, 0x01, 0x24, 0xf0, 0x01, 0x64, 0xe8, 0x01, 0x62, 0xe0, 0x01, 0x82, 0xe0, 0x01,
    0x83, 0xe0, 0x01, 0x03, 0xe0, 0x01, 0xef, 0xda, 0x01, 0xff, 0xff, 0x01, 0xde, 0xff, 0x01, 0x08,
    0xd2, 0x01, 0x03, 0xf0, 0x01, 0x64, 0xe8, 0x01, 0x84, 0xd8, 0x02, 0x44, 0xf0, 0x01, 0x02, 0xe0,
    0x01, 0x6b, 0xda, 0x01, 0xdf, 0xff, 0x18, 0xff, 0xff, 0x01, 0x7d, 0xef, 0x03, 0xff, 0xff, 0x01,
    0x3d, 0xff, 0x01, 0xa8, 0xd9, 0x01, 0x23, 0xe8, 0x01, 0x64, 0xe0, 0x01, 0x64, 0xe8, 0x02, 0x44,
    0xe8, 0x01, 0x24, 0xe0, 0x01, 0xe5, 0xc8, 0x01, 0xbb, 0xfe, 0x01, 0xff, 0xff, 0x01, 0x4f, 0xe3,
    0x01, 0x02, 0xe0, 0x01, 0x43, 0xe8, 0x01, 0x65, 0xe8, 0x01, 0x25, 0xf8, 0x01, 0x44, 0xe8, 0x01,
    0xa4, 0xd8, 0x02, 0x84, 0xd8, 0x01, 0x05, 0xd1, 0x01, 0xda, 0xf6, 0x01, 0xff, 0xff, 0x01, 0xb9,
    0xe5, 0x01, 0x0c, 0xcb, 0x01, 0x46, 0xf1, 0x01, 0x42, 0xe0, 0x01, 0xa3, 0xd8, 0x01, 0x63, 0xe8,
    0x01, 0x43, 0xf0, 0x01, 0x63, 0xe8, 0x01, 0x83, 0xe0, 0x01, 0x44, 0xf0, 0x01, 0x23, 0xf0, 0x01,
    0x84, 0xe8, 0x01, 0xcc, 0xea, 0x01, 0xcd, 0xca, 0x01, 0x7e, 0xff, 0x01, 0xff, 0xff, 0x01, 0x30,
    0xe4, 0x01, 0x60, 0xd0, 0x01, 0x43, 0xe8, 0x01, 0x45, 0xf0, 0x01, 0x44, 0xf0, 0x01, 0x44, 0xe8,
    0x02, 0x63, 0xe8, 0x01, 0x23, 0xe0, 0x01, 0x48, 0xd1, 0x01, 0x3e, 0xff, 0x01, 0xff, 0xff, 0x01,
    0xab, 0xe2, 0x01, 0x24, 0xe8, 0x01, 0x84, 0xe0, 0x01, 0x64, 0xe0, 0x02, 0x43, 0xf0, 0x01, 0x02,
    0xe0, 0x01, 0x4e, 0xe3, 0x12, 0xff, 0xff, 0x01, 0xdf, 0xff, 0x03, 0xff, 0xff, 0x01, 0x7d, 0xef,
    0x01, 0x5d, 0xef, 0x01, 0xf7, 0xbd, 0x01, 0x6d, 0x6b, 0x01, 0x2d, 0x6b, 0x01, 0x5d, 0xef, 0x02,
    0xff, 0xff, 0x01, 0x4e, 0xdb, 0x01, 0x02, 0xe0, 0x01, 0x44, 0xe8, 0x01, 0x64, 0xe8, 0x01, 0x84,
    0xd8, 0x01, 0x64, 0xe8, 0x01, 0x24, 0xf0, 0x01, 0xe5, 0xc8, 0x01, 0xfb, 0xf6, 0x01, 0xff, 0xff,
    0x01, 0x6a, 0xca, 0x01, 0x02, 0xe8, 0x01, 0x63, 0xe8, 0x01, 0x84, 0xe0, 0x01, 0x44, 0xf0, 0x01,
    0x83, 0xe0, 0x01, 0xa4, 0xe0, 0x01, 0x65, 0xe8, 0x01, 0x63, 0xe8, 0x01, 0x41, 0xd0, 0x01, 0xef,
    0xdb, 0x01, 0xff, 0xff, 0x01, 0xbf, 0xff, 0x01, 0xab, 0xca, 0x01, 0x02, 0xe8, 0x01, 0x44, 0xf0,
    0x01, 0x83, 0xe0, 0x03, 0x82, 0xe0, 0x01, 0x83, 0xe0, 0x01, 0x63, 0xe8, 0x01, 0x24, 0xf8, 0x01,
    0x42, 0xf0, 0x01, 0x24, 0xd0, 0x01, 0xd6, 0xe4, 0x01, 0xff, 0xff, 0x01, 0x7c, 0xff, 0x01, 0xc6,
    0xd1, 0x01, 0x22, 0xe0, 0x01, 0x44, 0xe8, 0x01, 0x63, 0xe8, 0x01, 0x83, 0xe0, 0x01, 0x45, 0xe0,
    0x01, 0x25, 0xf0, 0x01, 0x63, 0xf0, 0x01, 0x41, 0xe0, 0x01, 0xe5, 0xd0, 0x01, 0x9b, 0xfe, 0x01,
    0xff, 0xff, 0x01, 0xcd, 0xea, 0x01, 0x23, 0xd8, 0x01, 0x84, 0xe0, 0x01, 0x43, 0xf8, 0x01, 0x63,
    0xf0, 0x01, 0x43, 0xe0, 0x01, 0x43, 0xd8, 0x01, 0x35, 0xf5, 0x02, 0xff, 0xff, 0x01, 0xf0, 0x83,
    0x01, 0x14, 0xa5, 0x01, 0x3c, 0xe7, 0x0f, 0xff, 0xff, 0x01, 0x3c, 0xe7, 0x01, 0x92, 0x94, 0x01,
    0xf8, 0xc5, 0x01, 0x72, 0x94, 0x01, 0x96, 0xb5, 0x01, 0xf0, 0x83, 0x01, 0xcf, 0x7b, 0x01, 0x92,
    0x94, 0x02, 0xff, 0xff, 0x01, 0x55, 0xe5, 0x01, 0x64, 0xc8, 0x01, 0x24, 0xf8, 0x01, 0x83, 0xe0,
    0x01, 0xa3, 0xd8, 0x01, 0x43, 0xf0, 0x01, 0x24, 0xf0, 0x01, 0x05, 0xc1, 0x01, 0xdb, 0xf6, 0x01,
    0xff, 0xff, 0x01, 0x4a, 0xca, 0x01, 0x02, 0xe8, 0x01, 0x82, 0xe0, 0x01, 0xa3, 0xd8, 0x01, 0x44,
    0xe8, 0x01, 0x43, 0xe8, 0x01, 0x44, 0xf0, 0x01, 0x24, 0xf0, 0x01, 0x43, 0xf8, 0x01, 0x42, 0xe8,
    0x01, 0x27, 0xc1, 0x01, 0xdd, 0xfe, 0x01, 0xff, 0xff, 0x01, 0x54, 0xe5, 0x01, 0x63, 0xd0, 0x01,
    0x63, 0xe0, 0x01, 0x64, 0xe0, 0x01, 0x63, 0xe8, 0x01, 0x63, 0xe0, 0x01, 0x64, 0xe0, 0x01, 0x64,
    0xe8, 0x01, 0x64, 0xe0, 0x01, 0x84, 0xe0, 0x01, 0x42, 0xd8, 0x01, 0x88, 0xc1, 0x01, 0x9e, 0xff,
    0x01, 0xff, 0xff, 0x01, 0xf5, 0xf4, 0x01, 0x22, 0xd8, 0x01, 0x43, 0xf0, 0x01, 0x44, 0xe8, 0x01,
    0x63, 0xf0, 0x01, 0x63, 0xe8, 0x01, 0x45, 0xe8, 0x01, 0x24, 0xf0, 0x01, 0x83, 0xe0, 0x01, 0xa2,
    0xd8, 0x01, 0x06, 0xc9, 0x01, 0x5b, 0xfe, 0x01, 0xff, 0xff, 0x01, 0x2e, 0xe3, 0x01, 0x23, 0xd0,
    0x01, 0x63, 0xe8, 0x01, 0x42, 0xf0, 0x01, 0x63, 0xe8, 0x01, 0x04, 0xe8, 0x01, 0x27, 0xd1, 0x01,
    0x1b, 0xf7, 0x01, 0xff, 0xff, 0x01, 0xbb, 0xde, 0x01, 0xab, 0x5a, 0x01, 0xe4, 0x20, 0x01, 0x49,
    0x4a, 0x01, 0x0c, 0x63, 0x01, 0x75, 0xad, 0x01, 0x1c, 0xe7, 0x01, 0xbe, 0xf7, 0x07, 0xff, 0xff,
    0x01, 0x7a, 0xd6, 0x01, 0xd7, 0xbd, 0x01, 0x10, 0x84, 0x01, 0x7d, 0xef, 0x01, 0xdf, 0xff, 0x01,
    0xcc, 0x62, 0x01, 0x7a, 0xd6, 0x01, 0xef, 0x7b, 0x01, 0x96, 0xb5, 0x01, 0x4d, 0x6b, 0x01, 0xbb,
    0xde, 0x01, 0x6e, 0x73, 0x02, 0xff, 0xff, 0x01, 0x7d, 0xff, 0x01, 0xe9, 0xc9, 0x01, 0x03, 0xe8,
    0x01, 0x83, 0xe8, 0x01, 0xa2, 0xd8, 0x01, 0x42, 0xf0, 0x01, 0x43, 0xe8, 0x01, 0x05, 0xc9, 0x01,
    0x5a, 0xfe, 0x01, 0xff, 0xff, 0x01, 0xed, 0xda, 0x01, 0x02, 0xe8, 0x01, 0x62, 0xe0, 0x01, 0xa2,
    0xd8, 0x01, 0x63, 0xe8, 0x02, 0x24, 0xf0, 0x01, 0x43, 0xe8, 0x01, 0x43, 0xf0, 0x01, 0x44, 0xe8,
    0x01, 0xa9, 0xd1, 0x01, 0x54, 0xe4, 0x01, 0xff, 0xff, 0x01, 0x7d, 0xff, 0x01, 0xa8, 0xc9, 0x01,
    0x63, 0xd0, 0x01, 0x43, 0xf0, 0x01, 0x24, 0xf0, 0x02, 0x65, 0xe0, 0x01, 0x24, 0xf0, 0x01, 0x63,
    0xe8, 0x01, 0xa3, 0xd8, 0x01, 0x03, 0xd0, 0x01, 0x72, 0xdc, 0x01, 0xff, 0xff, 0x01, 0xbf, 0xff,
    0x01, 0x4c, 0xda, 0x01, 0x24, 0xe8, 0x01, 0x63, 0xe0, 0x01, 0xa3, 0xe0, 0x01, 0x42, 0xe8, 0x01,
    0x63, 0xf0, 0x02, 0x44, 0xe8, 0x01, 0x63, 0xe0, 0x01, 0x83, 0xd8, 0x01, 0x26, 0xc1, 0x01, 0x7b,
    0xfe, 0x01, 0xff, 0xff, 0x01, 0xed, 0xda, 0x01, 0x43, 0xd0, 0x01, 0x43, 0xf0, 0x01, 0x42, 0xf0,
    0x01, 0x63, 0xe0, 0x01, 0x03, 0xd8, 0x01, 0x70, 0xe3, 0x02, 0xff, 0xff, 0x01, 0x72, 0x94, 0x01,
    0xcf, 0x7b, 0x01, 0x08, 0x42, 0x01, 0x66, 0x31, 0x01, 0x86, 0x31, 0x01, 0xf0, 0x83, 0x01, 0x2d,
    0x6b, 0x01, 0x3c, 0xe7, 0x01, 0xff, 0xff, 0x01, 0x3d, 0xef, 0x01, 0x9e, 0xf7, 0x03, 0xff, 0xff,
    0x01, 0x5d, 0xef, 0x01, 0x18, 0xc6, 0x01, 0x72, 0x94, 0x01, 0xd3, 0x9c, 0x02, 0xff, 0xff, 0x01,
    0x11, 0x8c, 0x01, 0x2d, 0x6b, 0x01, 0x86, 0x31, 0x01, 0xa7, 0x39, 0x01, 0x86, 0x31, 0x01, 0xdb,
    0xde, 0x01, 0xaf, 0x7b, 0x01, 0xdb, 0xde, 0x02, 0xff, 0xff, 0x01, 0x15, 0xed, 0x01, 0x64, 0xc8,
    0x01, 0x43, 0xe8, 0x01, 0x61, 0xe8, 0x01, 0x62, 0xf0, 0x01, 0x63, 0xe8, 0x01, 0x64, 0xd0, 0x01,
    0x56, 0xf5, 0x01, 0xff, 0xff, 0x01, 0x11, 0xe4, 0x01, 0x03, 0xd8, 0x01, 0x42, 0xf0, 0x01, 0x82,
    0xe8, 0x01, 0x43, 0xe8, 0x01, 0x45, 0xf0, 0x01, 0x44, 0xe8, 0x01, 0xa3, 0xe0, 0x01, 0x23, 0xe8,
    0x01, 0x27, 0xe1, 0x01, 0xd8, 0xfd, 0x01, 0x4f, 0xcb, 0x01, 0x3d, 0xf7, 0x01, 0xff, 0xff, 0x01,
    0x12, 0xe4, 0x01, 0x02, 0xd8, 0x01, 0x43, 0xf0, 0x03, 0x44, 0xe8, 0x01, 0x43, 0xf0, 0x01, 0x63,
    0xe8, 0x01, 0x42, 0xe0, 0x01, 0x28, 0xd9, 0x01, 0xfc, 0xfe, 0x01, 0xff, 0xff, 0x01, 0x36, 0xdd,
    0x01, 0xd1, 0xd3, 0x01, 0x8d, 0xea, 0x01, 0x23, 0xd8, 0x01, 0xa3, 0xd8, 0x01, 0x62, 0xe8, 0x01,
    0x63, 0xe8, 0x01, 0x84, 0xe0, 0x01, 0x64, 0xe8, 0x01, 0x43, 0xf0, 0x01, 0x43, 0xe0, 0x01, 0xa8,
    0xc1, 0x01, 0x5d, 0xff, 0x01, 0x9f, 0xff, 0x01, 0x0a, 0xca, 0x01, 0x44, 0xd0, 0x01, 0x42, 0xe8,
    0x01, 0x42, 0xf8, 0x01, 0x43, 0xe0, 0x01, 0x28, 0xc9, 0x01, 0x9c, 0xfe, 0x01, 0xff, 0xff, 0x01,
    0xdf, 0xff, 0x01, 0xae, 0x73, 0x01, 0x10, 0x84, 0x01, 0x2d, 0x6b, 0x01, 0x6e, 0x73, 0x01, 0x51,
    0x8c, 0x01, 0x14, 0xa5, 0x01, 0x8e, 0x73, 0x02, 0xff, 0xff, 0x01, 0xd3, 0x9c, 0x01, 0x92, 0x94,
    0x01, 0xb7, 0xbd, 0x01, 0xba, 0xd6, 0x02, 0xff, 0xff, 0x01, 0x59, 0xce, 0x01, 0xf0, 0x83, 0x01,
    0xf8, 0xc5, 0x01, 0x7a, 0xd6, 0x01, 0xff, 0xff, 0x01, 0xd7, 0xbd, 0x01, 0xa7, 0x39, 0x01, 0x4d,
    0x6b, 0x01, 0x51, 0x8c, 0x01, 0xb2, 0x94, 0x01, 0xb3, 0x9c, 0x01, 0x2c, 0x63, 0x01, 0x38, 0xc6,
    0x02, 0xff, 0xff, 0x01, 0xbf, 0xff, 0x01, 0xac, 0xca, 0x01, 0x02, 0xd8, 0x01, 0x42, 0xf8, 0x01,
    0x62, 0xe8, 0x01, 0x63, 0xe8, 0x01, 0x03, 0xe0, 0x01, 0x32, 0xec, 0x01, 0xff, 0xff, 0x01, 0xb7,
    0xed, 0x01, 0x44, 0xd0, 0x01, 0x43, 0xf0, 0x01, 0x42, 0xf0, 0x01, 0x43, 0xf0, 0x01, 0x64, 0xe0,
    0x01, 0x84, 0xe0, 0x01, 0x83, 0xe8, 0x01, 0x04, 0xe0, 0x01, 0x2f, 0xdb, 0x01, 0xff, 0xff, 0x01,
    0x71, 0xbc, 0x01, 0x15, 0xd5, 0x01, 0xff, 0xff, 0x01, 0x7b, 0xfe, 0x01, 0xc5, 0xd8, 0x01, 0x23,
    0xe0, 0x03, 0x63, 0xe8, 0x02, 0x62, 0xe8, 0x01, 0x22, 0xd8, 0x01, 0x73, 0xec, 0x01, 0xff, 0xff,
    0x01, 0xbd, 0xff, 0x01, 0x4e, 0xc3, 0x01, 0x3c, 0xff, 0x01, 0x56, 0xed, 0x01, 0x04, 0xd8, 0x01,
    0x63, 0xe8, 0x01, 0x83, 0xe0, 0x01, 0x63, 0xe0, 0x01, 0xa3, 0xd8, 0x01, 0x63, 0xe8, 0x01, 0x24,
    0xf8, 0x01, 0x04, 0xe0, 0x01, 0x2e, 0xd3, 0x01, 0xff, 0xff, 0x01, 0xfc, 0xfe, 0x01, 0x07, 0xd1,
    0x01, 0x44, 0xd8, 0x01, 0x83, 0xe8, 0x01, 0x03, 0xf0, 0x01, 0x44, 0xd0, 0x01, 0xb4, 0xe4, 0x02,
    0xff, 0xff, 0x01, 0x9a, 0xd6, 0x01, 0x2c, 0x63, 0x01, 0x66, 0x31, 0x01, 0x0c, 0x63, 0x01, 0x8e,
    0x73, 0x02, 0x49, 0x4a, 0x01, 0x9e, 0xf7, 0x02, 0xff, 0xff, 0x01, 0x39, 0xce, 0x01, 0x55, 0xad,
    0x01, 0x76, 0xb5, 0x01, 0x9e, 0xf7, 0x02, 0xff, 0xff, 0x01, 0x35, 0xad, 0x01, 0x14, 0xa5, 0x01,
    0x96, 0xb5, 0x01, 0x5d, 0xef, 0x01, 0xff, 0xff, 0x01, 0x1c, 0xe7, 0x01, 0x6d, 0x6b, 0x01, 0x7a,
    0xd6, 0x01, 0xcf, 0x7b, 0x01, 0x9a, 0xd6, 0x01, 0x2d, 0x6b, 0x01, 0x51, 0x8c, 0x04, 0xff, 0xff,
    0x01, 0x9b, 0xf6, 0x01, 0x27, 0xc9, 0x01, 0x23, 0xe0, 0x01, 0x83, 0xe0, 0x01, 0x63, 0xe8, 0x01,
    0x03, 0xe8, 0x01, 0xcd, 0xe2, 0x01, 0xff, 0xff, 0x01, 0xbf, 0xff, 0x01, 0x6c, 0xd2, 0x01, 0x23,
    0xd0, 0x01, 0x43, 0xe8, 0x01, 0x43, 0xf0, 0x01, 0x83, 0xe0, 0x01, 0x64, 0xe0, 0x01, 0x03, 0xe8,
    0x01, 0xc7, 0xd0, 0x01, 0xbc, 0xfe, 0x01, 0xff, 0xff, 0x01, 0x57, 0xee, 0x01, 0xac, 0xc2, 0x01,
    0xdf, 0xff, 0x01, 0xff, 0xff, 0x01, 0x31, 0xec, 0x01, 0x03, 0xd0, 0x01, 0x23, 0xe8, 0x01, 0xc3,
    0xd0, 0x01, 0xa2, 0xd8, 0x01, 0x43, 0xf8, 0x01, 0x02, 0xe0, 0x01, 0x69, 0xd2, 0x01, 0x9e, 0xff,
    0x01, 0xff, 0xff, 0x01, 0xb2, 0xdc, 0x01, 0xaf, 0xd3, 0x01, 0xff, 0xff, 0x01, 0xbe, 0xff, 0x01,
    0xeb, 0xe1, 0x01, 0x03, 0xe0, 0x01, 0x64, 0xe8, 0x01, 0x63, 0xe0, 0x01, 0x83, 0xe0, 0x01, 0x64,
    0xe0, 0x01, 0x04, 0xf0, 0x01, 0x86, 0xd0, 0x01, 0xf8, 0xf5, 0x01, 0xff, 0xff, 0x01, 0x56, 0xf5,
    0x01, 0x44, 0xd8, 0x01, 0x64, 0xe0, 0x01, 0x84, 0xe0, 0x01, 0x23, 0xd0, 0x01, 0xed, 0xda, 0x01,
    0xbe, 0xff, 0x02, 0xff, 0xff, 0x01, 0x39, 0xce, 0x01, 0x6a, 0x52, 0x01, 0x86, 0x31, 0x01, 0xc3,
    0x18, 0x01, 0x69, 0x4a, 0x01, 0x9a, 0xd6, 0x01, 0x6e, 0x73, 0x03, 0xff, 0xff, 0x01, 0xd4, 0xa4,
    0x01, 0xaf, 0x7b, 0x01, 0xd3, 0x9c, 0x01, 0xdf, 0xff, 0x02, 0xff, 0xff, 0x01, 0xdb, 0xde, 0x02,
    0xd3, 0x9c, 0x01, 0x39, 0xce, 0x02, 0xff, 0xff, 0x01, 0x4d, 0x6b, 0x01, 0xf8, 0xc5, 0x01, 0x55,
    0xad, 0x02, 0x9e, 0xf7, 0x01, 0xff, 0xff, 0x01, 0xd3, 0x9c, 0x01, 0x96, 0xb5, 0x03, 0xff, 0xff,
    0x01, 0x56, 0xed, 0x01, 0xc6, 0xc0, 0x01, 0x24, 0xd8, 0x01, 0x64, 0xf0, 0x01, 0x23, 0xe8, 0x01,
    0x26, 0xd1, 0x01, 0xdb, 0xfe, 0x01, 0xff, 0xff, 0x01, 0x3a, 0xf6, 0x01, 0x47, 0xb9, 0x01, 0x22,
    0xd0, 0x01, 0x21, 0xf0, 0x01, 0x42, 0xe8, 0x01, 0x02, 0xe0, 0x01, 0x84, 0xc8, 0x01, 0x16, 0xe5,
    0x02, 0xff, 0xff, 0x01, 0x72, 0xec, 0x01, 0x43, 0xb8, 0x01, 0x97, 0xed, 0x01, 0xff, 0xff, 0x01,
    0xbe, 0xff, 0x01, 0xce, 0xe2, 0x01, 0x03, 0xd8, 0x01, 0x62, 0xd0, 0x01, 0x82, 0xd8, 0x01, 0x03,
    0xe8, 0x01, 0xc6, 0xd0, 0x01, 0x79, 0xf6, 0x01, 0xff, 0xff, 0x01, 0x3c, 0xff, 0x01, 0x06, 0xd1,
    0x01, 0x2a, 0xda, 0x01, 0xdf, 0xff, 0x01, 0xff, 0xff, 0x01, 0x1a, 0xfe, 0x01, 0xe6, 0xd0, 0x01,
    0x22, 0xd8, 0x02, 0x43, 0xf0, 0x01, 0x43, 0xe8, 0x01, 0x03, 0xc8, 0x01, 0xb0, 0xe3, 0x02, 0xff,
    0xff, 0x01, 0x2e, 0xdb, 0x01, 0x02, 0xe0, 0x01, 0x44, 0xf0, 0x01, 0x24, 0xd8, 0x01, 0x4a, 0xca,
    0x01, 0x3d, 0xff, 0x02, 0xff, 0xff, 0x01, 0x7e, 0xf7, 0x01, 0x1c, 0xe7, 0x01, 0x9e, 0xf7, 0x01,
    0x7a, 0xd6, 0x01, 0x93, 0x9c, 0x01, 0xe8, 0x41, 0x01, 0xcf, 0x7b, 0x01, 0xaf, 0x7b, 0x02, 0xff,
    0xff, 0x01, 0x3c, 0xe7, 0x01, 0xb2, 0x94, 0x01, 0xd7, 0xbd, 0x01, 0xbb, 0xde, 0x03, 0xff, 0xff,
    0x01, 0x1c, 0xe7, 0x01, 0xcf, 0x7b, 0x01, 0x8e, 0x73, 0x01, 0x55, 0xad, 0x01, 0xfc, 0xe6, 0x01,
    0xff, 0xff, 0x01, 0xfc, 0xe6, 0x01, 0x7d, 0xef, 0x03, 0xff, 0xff, 0x01, 0xcf, 0x7b, 0x01, 0x86,
    0x31, 0x01, 0xab, 0x5a, 0x01, 0x9a, 0xce, 0x03, 0xff, 0xff, 0x01, 0xd4, 0xec, 0x01, 0xa5, 0xc8,
    0x01, 0x23, 0xd8, 0x01, 0x43, 0xe8, 0x01, 0x23, 0xd8, 0x01, 0xd0, 0xe3, 0x02, 0xff, 0xff, 0x01,
    0x19, 0xf6, 0x01, 0x2a, 0xd2, 0x01, 0xa5, 0xd8, 0x01, 0xa4, 0xd8, 0x01, 0xc9, 0xe1, 0x01, 0x56,
    0xf5, 0x02, 0xff, 0xff, 0x01, 0x7d, 0xff, 0x01, 0x88, 0xe1, 0x01, 0x02, 0xe0, 0x01, 0x0a, 0xd2,
    0x01, 0x9e, 0xff, 0x01, 0xff, 0xff, 0x01, 0x7e, 0xff, 0x01, 0xf2, 0xeb, 0x01, 0x27, 0xd9, 0x01,
    0xa5, 0xd0, 0x01, 0x88, 0xc9, 0x01, 0x77, 0xed, 0x02, 0xff, 0xff, 0x01, 0x2e, 0xe3, 0x01, 0x02,
    0xd8, 0x01, 0x65, 0xe0, 0x01, 0x59, 0xf6, 0x02, 0xff, 0xff, 0x01, 0xb7, 0xf5, 0x01, 0xc9, 0xd1,
    0x01, 0x23, 0xd0, 0x01, 0x03, 0xd8, 0x01, 0x85, 0xc8, 0x01, 0x6f, 0xdb, 0x01, 0x7e, 0xff, 0x01,
    0xff, 0xff, 0x01, 0x5b, 0xf6, 0x01, 0xe6, 0xd0, 0x01, 0x43, 0xe0, 0x01, 0x23, 0xd8, 0x01, 0xa9,
    0xd9, 0x01, 0xdb, 0xfe, 0x03, 0xff, 0xff, 0x01, 0xaf, 0x73, 0x01, 0xec, 0x62, 0x01, 0xfb, 0xde,
    0x02, 0xff, 0xff, 0x01, 0x9e, 0xf7, 0x01, 0xb7, 0xbd, 0x01, 0x18, 0xc6, 0x02, 0xff, 0xff, 0x01,
    0xf3, 0x9c, 0x01, 0x31, 0x8c, 0x01, 0x35, 0xad, 0x01, 0xdf, 0xff, 0x04, 0xff, 0xff, 0x01, 0x39,
    0xce, 0x01, 0x76, 0xb5, 0x01, 0x31, 0x8c, 0x01, 0x35, 0xad, 0x01, 0x5d, 0xef, 0x03, 0xff, 0xff,
    0x01, 0x9e, 0xf7, 0x01, 0x8a, 0x52, 0x01, 0x29, 0x4a, 0x01, 0x35, 0xad, 0x01, 0xf0, 0x83, 0x01,
    0x4d, 0x6b, 0x01, 0x5d, 0xef, 0x03, 0xff, 0xff, 0x01, 0x76, 0xed, 0x01, 0x26, 0xc1, 0x01, 0x23,
    0xd8, 0x01, 0x04, 0xf0, 0x01, 0xa5, 0xd8, 0x01, 0xb7, 0xf5, 0x02, 0xff, 0xff, 0x01, 0x7f, 0xff,
    0x01, 0x1a, 0xee, 0x01, 0x3a, 0xee, 0x01, 0x9f, 0xff, 0x03, 0xff, 0xff, 0x01, 0x50, 0xdc, 0x01,
    0x43, 0xd8, 0x01, 0x23, 0xf8, 0x01, 0x42, 0xd0, 0x01, 0xce, 0xdb, 0x03, 0xff, 0xff, 0x01, 0xdd,
    0xfe, 0x01, 0x1a, 0xee, 0x01, 0x5d, 0xf7, 0x02, 0xff, 0xff, 0x01, 0x70, 0xec, 0x01, 0x42, 0xd0,
    0x01, 0x03, 0xf8, 0x01, 0x23, 0xe0, 0x01, 0x0c, 0xd3, 0x01, 0xde, 0xff, 0x02, 0xff, 0xff, 0x01,
    0x3d, 0xff, 0x01, 0x36, 0xe5, 0x01, 0x95, 0xdc, 0x01, 0xda, 0xed, 0x02, 0xff, 0xff, 0x01, 0x9d,
    0xff, 0x01, 0xab, 0xd2, 0x01, 0x03, 0xd8, 0x01, 0x03, 0xd0, 0x01, 0x4a, 0xc2, 0x01, 0xfb, 0xf6,
    0x02, 0xff, 0xff, 0x01, 0x7d, 0xef, 0x01, 0x0c, 0x5b, 0x01, 0xcf, 0x73, 0x01, 0xe8, 0x41, 0x01,
    0xec, 0x62, 0x01, 0xd7, 0xbd, 0x04, 0xff, 0xff, 0x01, 0xbe, 0xf7, 0x01, 0xb7, 0xbd, 0x01, 0xb3,
    0x9c, 0x01, 0x31, 0x8c, 0x01, 0x34, 0xa5, 0x01, 0xdf, 0xff, 0x04, 0xff, 0xff, 0x01, 0x3c, 0xe7,
    0x01, 0x14, 0xa5, 0x01, 0x55, 0xad, 0x01, 0x96, 0xb5, 0x01, 0x7d, 0xef, 0x02, 0xff, 0xff, 0x01,
    0x9a, 0xd6, 0x01, 0x49, 0x4a, 0x01, 0x6e, 0x73, 0x01, 0x55, 0xad, 0x01, 0x4e, 0x73, 0x01, 0xa7,
    0x39, 0x02, 0xaf, 0x7b, 0x01, 0xbe, 0xf7, 0x03, 0xff, 0xff, 0x01, 0xf8, 0xf5, 0x01, 0xe9, 0xc9,
    0x02, 0x23, 0xd0, 0x01, 0xc8, 0xb9, 0x01, 0x9a, 0xf6, 0x07, 0xff, 0xff, 0x01, 0xf4, 0xf4, 0x01,
    0x85, 0xd0, 0x01, 0x44, 0xf0, 0x01, 0x44, 0xe8, 0x01, 0x43, 0xe8, 0x01, 0x23, 0xd8, 0x01, 0xf0,
    0xdb, 0x01, 0xbe, 0xff, 0x04, 0xff, 0xff, 0x01, 0xdf, 0xff, 0x01, 0x72, 0xe4, 0x01, 0x64, 0xc8,
    0x01, 0x64, 0xd8, 0x01, 0x64, 0xe0, 0x01, 0x44, 0xf0, 0x01, 0x24, 0xd0, 0x01, 0x73, 0xe4, 0x08,
    0xff, 0xff, 0x01, 0x10, 0xd4, 0x01, 0x42, 0xb8, 0x01, 0x43, 0xc8, 0x01, 0x4f, 0xdb, 0x01, 0x3c,
    0xff, 0x03, 0xff, 0xff, 0x01, 0xf0, 0x83, 0x01, 0x4d, 0x73, 0x01, 0x10, 0x84, 0x02, 0xcb, 0x5a,
    0x01, 0xa7, 0x39, 0x01, 0x1c, 0xe7, 0x04, 0xff, 0xff, 0x01, 0x51, 0x8c, 0x01, 0xd3, 0x9c, 0x01,
    0x55, 0xad, 0x01, 0x9e, 0xf7, 0x06, 0xff, 0xff, 0x01, 0x79, 0xce, 0x01, 0xef, 0x7b, 0x01, 0x92,
    0x94, 0x01, 0x38, 0xc6, 0x02, 0xff, 0xff, 0x01, 0xd3, 0x9c, 0x01, 0x86, 0x31, 0x01, 0x72, 0x94,
    0x01, 0x10, 0x84, 0x01, 0x62, 0x10, 0x01, 0x6e, 0x73, 0x01, 0xd3, 0x9c, 0x01, 0xab, 0x5a, 0x01,
    0xcf, 0x7b, 0x04, 0xff, 0xff, 0x01, 0x1c, 0xff, 0x01, 0x6e, 0xdb, 0x01, 0x64, 0xd0, 0x01, 0x03,
    0xc8, 0x01, 0x68, 0xd1, 0x01, 0x97, 0xf5, 0x01, 0xdf, 0xff, 0x03, 0xff, 0xff, 0x01, 0x1c, 0xff,
    0x01, 0xd1, 0xe3, 0x01, 0x85, 0xd8, 0x01, 0x24, 0xe0, 0x01, 0x64, 0xe0, 0x01, 0x84, 0xe0, 0x01,
    0x44, 0xe8, 0x01, 0x24, 0xf0, 0x01, 0x44, 0xd8, 0x01, 0x4b, 0xda, 0x01, 0x55, 0xed, 0x01, 0x79,
    0xf6, 0x01, 0x59, 0xf6, 0x01, 0x76, 0xf5, 0x01, 0xcd, 0xda, 0x01, 0x45, 0xd8, 0x01, 0x04, 0xe8,
    0x01, 0x44, 0xe8, 0x02, 0x84, 0xe0, 0x01, 0x44, 0xe0, 0x01, 0x65, 0xd0, 0x01, 0x32, 0xe4, 0x01,
    0x9d, 0xff, 0x04, 0xff, 0xff, 0x01, 0x5d, 0xff, 0x01, 0xb0, 0xe3, 0x01, 0x44, 0xa8, 0x01, 0x47,
    0xc9, 0x01, 0xd4, 0xec, 0x01, 0xdf, 0xff, 0x03, 0xff, 0xff, 0x01, 0xb3, 0x9c, 0x01, 0x6a, 0x5a,
    0x01, 0xaf, 0x83, 0x01, 0xaa, 0x5a, 0x01, 0x6e, 0x73, 0x01, 0x10, 0x84, 0x01, 0x8e, 0x73, 0x01,
    0x76, 0xb5, 0x01, 0x38, 0xc6, 0x02, 0xff, 0xff, 0x01, 0x18, 0xc6, 0x01, 0xd3, 0x9c, 0x01, 0x14,
    0xa5, 0x01, 0xd7, 0xbd, 0x07, 0xff, 0xff, 0x01, 0xdf, 0xff, 0x01, 0xf4, 0xa4, 0x01, 0x18, 0xc6,
    0x01, 0xb3, 0x9c, 0x03, 0xff, 0xff, 0x01, 0xf0, 0x83, 0x01, 0x4a, 0x52, 0x01, 0x66, 0x31, 0x01,
    0x31, 0x8c, 0x01, 0xf3, 0x9c, 0x01, 0x51, 0x8c, 0x01, 0xc7, 0x39, 0x01, 0x18, 0xce, 0x06, 0xff,
    0xff, 0x01, 0x96, 0xf5, 0x01, 0xea, 0xd9, 0x01, 0x04, 0xd8, 0x01, 0x24, 0xd0, 0x01, 0x6b, 0xda,
    0x01, 0x10, 0xdc, 0x01, 0x11, 0xdc, 0x01, 0x2e, 0xdb, 0x01, 0x46, 0xd1, 0x01, 0x03, 0xe0, 0x01,
    0x23, 0xf0, 0x01, 0x83, 0xe8, 0x01, 0x83, 0xe0, 0x01, 0x63, 0xf0, 0x02, 0x44, 0xf0, 0x01, 0x23,
    0xf0, 0x01, 0x23, 0xe0, 0x01, 0x64, 0xd8, 0x02, 0xa5, 0xd8, 0x01, 0x64, 0xd8, 0x01, 0x23, 0xe0,
    0x02, 0x44, 0xf0, 0x01, 0x24, 0xf8, 0x01, 0x43, 0xf0, 0x01, 0x63, 0xe0, 0x01, 0x83, 0xe8, 0x01,
    0x23, 0xe0, 0x01, 0x44, 0xd8, 0x01, 0xe9, 0xd1, 0x01, 0x32, 0xe4, 0x01, 0x76, 0xf5, 0x01, 0xb6,
    0xf5, 0x01, 0x92, 0xdc, 0x01, 0x89, 0xc9, 0x01, 0x25, 0xd0, 0x01, 0x0f, 0xe3, 0x01, 0xdb, 0xfe,
    0x05, 0xff, 0xff, 0x01, 0xd7, 0xbd, 0x02, 0x6a, 0x5a, 0x01, 0x6d, 0x73, 0x01, 0xd3, 0x9c, 0x01,
    0x49, 0x4a, 0x01, 0xa7, 0x39, 0x01, 0x4d, 0x6b, 0x01, 0x1c, 0xe7, 0x02, 0xff, 0xff, 0x01, 0x92,
    0x94, 0x01, 0x76, 0xb5, 0x01, 0xf7, 0xbd, 0x01, 0x7d, 0xef, 0x08, 0xff, 0xff, 0x01, 0x59, 0xce,
    0x01, 0xf4, 0xa4, 0x01, 0x92, 0x94, 0x01, 0xf3, 0x9c, 0x01, 0x9e, 0xf7, 0x01, 0xff, 0xff, 0x01,
    0x9e, 0xf7, 0x01, 0x2d, 0x6b, 0x01, 0xab, 0x5a, 0x01, 0x8e, 0x73, 0x01, 0xaf, 0x7b, 0x01, 0x28,
    0x42, 0x01, 0xdb, 0xde, 0x01, 0xff, 0xff, 0x01, 0x14, 0xad, 0x01, 0x9e, 0xef, 0x01, 0xff, 0xff,
    0x01, 0x9e, 0xf7, 0x03, 0xff, 0xff, 0x01, 0x9e, 0xff, 0x01, 0x15, 0xed, 0x01, 0x09, 0xd2, 0x01,
    0x23, 0xc8, 0x01, 0x01, 0xc8, 0x01, 0x03, 0xd0, 0x01, 0x03, 0xd8, 0x01, 0x22, 0xe0, 0x01, 0x83,
    0xe0, 0x01, 0x62, 0xe0, 0x01, 0x42, 0xf0, 0x01, 0x62, 0xf0, 0x01, 0x82, 0xe0, 0x01, 0x83, 0xe0,
    0x01, 0x63, 0xf0, 0x01, 0x42, 0xf0, 0x01, 0x43, 0xf0, 0x01, 0x43, 0xe8, 0x02, 0x63, 0xe0, 0x01,
    0x43, 0xe8, 0x02, 0x43, 0xf0, 0x01, 0x63, 0xe0, 0x01, 0x83, 0xd8, 0x01, 0x82, 0xe0, 0x01, 0x62,
    0xf0, 0x01, 0x22, 0xf0, 0x01, 0x63, 0xf0, 0x01, 0x63, 0xe8, 0x01, 0x02, 0xe0, 0x01, 0x04, 0xd8,
    0x01, 0x24, 0xd0, 0x01, 0x23, 0xc8, 0x01, 0xe5, 0xb8, 0x01, 0xec, 0xca, 0x01, 0x38, 0xf6, 0x03,
    0xff, 0xff, 0x01, 0x9e, 0xf7, 0x01, 0xb7, 0xb5, 0x03, 0xff, 0xff, 0x01, 0xf8, 0xcd, 0x01, 0xc7,
    0x41, 0x01, 0x8e, 0x73, 0x01, 0x08, 0x42, 0x01, 0x76, 0xb5, 0x01, 0x96, 0xb5, 0x01, 0x3c, 0xe7,
    0x01, 0xff, 0xff, 0x01, 0xbe, 0xf7, 0x01, 0x96, 0xb5, 0x01, 0x72, 0x94, 0x01, 0x92, 0x94, 0x01,
    0xfb, 0xde, 0x0a, 0xff, 0xff, 0x01, 0xbb, 0xde, 0x01, 0xb7, 0xbd, 0x01, 0x14, 0xa5, 0x01, 0xd7,
    0xbd, 0x02, 0xff, 0xff, 0x01, 0x3c, 0xe7, 0x01, 0xab, 0x5a, 0x01, 0x86, 0x31, 0x01, 0xcb, 0x5a,
    0x01, 0x7d, 0xef, 0x01, 0xff, 0xff, 0x01, 0xbe, 0xff, 0x01, 0xaf, 0x7b, 0x01, 0xec, 0x62, 0x01,
    0xd0, 0x7b, 0x01, 0x31, 0x84, 0x05, 0xff, 0xff, 0x01, 0xdd, 0xff, 0x01, 0x95, 0xed, 0x01, 0xec,
    0xda, 0x01, 0xe6, 0xd0, 0x01, 0x23, 0xd0, 0x01, 0x22, 0xd0, 0x01, 0x43, 0xe0, 0x01, 0x03, 0xf0,
    0x01, 0x23, 0xf8, 0x01, 0x63, 0xf0, 0x01, 0xa3, 0xe0, 0x01, 0xa3, 0xd8, 0x01, 0xa2, 0xd8, 0x01,
    0x82, 0xe0, 0x01, 0x62, 0xe8, 0x01, 0x43, 0xe8, 0x02, 0x84, 0xe0, 0x01, 0x43, 0xe8, 0x01, 0x62,
    0xe8, 0x01, 0x83, 0xe0, 0x02, 0xa3, 0xd8, 0x01, 0x83, 0xe0, 0x01, 0x42, 0xf0, 0x02, 0x03, 0xf8,
    0x01, 0x03, 0xe0, 0x01, 0x23, 0xd0, 0x01, 0x44, 0xd8, 0x01, 0x68, 0xd9, 0x01, 0xd0, 0xe3, 0x01,
    0x78, 0xf6, 0x01, 0xfe, 0xff, 0x03, 0xff, 0xff, 0x01, 0x5e, 0xef, 0x01, 0x5d, 0xef, 0x01, 0xa7,
    0x39, 0x01, 0x55, 0xad, 0x01, 0x76, 0xb5, 0x01, 0x1c, 0xe7, 0x01, 0xff, 0xff, 0x01, 0xb2, 0x94,
    0x01, 0x0c, 0x63, 0x01, 0xcf, 0x7b, 0x01, 0x4d, 0x6b, 0x01, 0xff, 0xff, 0x01, 0xbf, 0xff, 0x01,
    0x79, 0xce, 0x01, 0x9a, 0xd6, 0x01, 0xf4, 0xa4, 0x01, 0xb7, 0xbd, 0x01, 0x96, 0xb5, 0x0b, 0xff,
    0xff, 0x01, 0xbe, 0xf7, 0x01, 0x9a, 0xd6, 0x01, 0xd3, 0x9c, 0x01, 0xd7, 0xbd, 0x01, 0xf8, 0xc5,
    0x02, 0xff, 0xff, 0x01, 0x7a, 0xd6, 0x01, 0x72, 0x94, 0x05, 0xff, 0xff, 0x01, 0x0c, 0x63, 0x01,
    0x00, 0x00, 0x01, 0x6a, 0x4a, 0x01, 0x1c, 0xe7, 0x07, 0xff, 0xff, 0x01, 0xda, 0xfe, 0x01, 0xd3,
    0xe4, 0x01, 0xcd, 0xda, 0x01, 0x28, 0xe1, 0x01, 0x66, 0xe0, 0x01, 0x24, 0xd8, 0x01, 0x23, 0xd8,
    0x01, 0x03, 0xe0, 0x01, 0x23, 0xe8, 0x01, 0x43, 0xe0, 0x01, 0x43, 0xe8, 0x01, 0x03, 0xf8, 0x01,
    0x23, 0xf0, 0x02, 0x83, 0xd8, 0x01, 0x23, 0xf0, 0x01, 0x03, 0xf8, 0x01, 0x23, 0xe8, 0x01, 0x24,
    0xe8, 0x01, 0x03, 0xf0, 0x01, 0x03, 0xe0, 0x01, 0x03, 0xd8, 0x01, 0x44, 0xd8, 0x01, 0xa6, 0xe0,
    0x01, 0xaa, 0xe1, 0x01, 0x90, 0xdb, 0x01, 0xb7, 0xed, 0x01, 0x7c, 0xff, 0x04, 0xff, 0xff, 0x01,
    0x1c, 0xe7, 0x01, 0x2d, 0x63, 0x01, 0x72, 0x8c, 0x01, 0xff, 0xff, 0x01, 0xf0, 0x83, 0x01, 0x00,
    0x08, 0x01, 0x0d, 0x6b, 0x01, 0x3d, 0xe7, 0x02, 0xff, 0xff, 0x01, 0x9e, 0xf7, 0x01, 0x4d, 0x6b,
    0x01, 0xf8, 0xc5, 0x01, 0xff, 0xff, 0x01, 0x55, 0xad, 0x01, 0xd7, 0xbd, 0x01, 0x9e, 0xf7, 0x01,
    0x97, 0xbd, 0x01, 0xd3, 0x9c, 0x01, 0xfb, 0xde, 0x0a, 0xff, 0xff, 0x01, 0xdf, 0xff, 0x01, 0xff,
    0xff, 0x01, 0x9e, 0xf7, 0x01, 0x92, 0x94, 0x01, 0xf0, 0x83, 0x01, 0xae, 0x73, 0x01, 0x9a, 0xd6,
    0x01, 0xf8, 0xc5, 0x05, 0xff, 0xff, 0x01, 0x9a, 0xd6, 0x01, 0x8a, 0x5a, 0x01, 0x69, 0x4a, 0x01,
    0xa6, 0x31, 0x01, 0xaf, 0x73, 0x01, 0x4a, 0x4a, 0x01, 0x9b, 0xde, 0x01, 0xff, 0xff, 0x01, 0x9a,
    0xd6, 0x01, 0x1d, 0xe7, 0x06, 0xff, 0xff, 0x01, 0x7d, 0xff, 0x01, 0x79, 0xf6, 0x01, 0x15, 0xe5,
    0x01, 0xb0, 0xd3, 0x01, 0x8c, 0xda, 0x01, 0xa9, 0xe9, 0x01, 0xe7, 0xe0, 0x01, 0xc5, 0xd0, 0x01,
    0x85, 0xe0, 0x01, 0x64, 0xe0, 0x02, 0x84, 0xd0, 0x01, 0x65, 0xe0, 0x01, 0x85, 0xe0, 0x01, 0xc5,
    0xd0, 0x01, 0x48, 0xd9, 0x01, 0xea, 0xe1, 0x01, 0xcd, 0xda, 0x01, 0x11, 0xd4, 0x01, 0x56, 0xed,
    0x01, 0xba, 0xfe, 0x01, 0x9e, 0xff, 0x04, 0xff, 0xff, 0x01, 0xbe, 0xf7, 0x01, 0x19, 0xc6, 0x01,
    0xbe, 0xf7, 0x01, 0xdb, 0xde, 0x01, 0xf2, 0x9c, 0x01, 0x5d, 0xef, 0x01, 0xf7, 0xbd, 0x01, 0xaa,
    0x52, 0x01, 0x65, 0x31, 0x01, 0x91, 0x8c, 0x04, 0xff, 0xff, 0x01, 0x3c, 0xe7, 0x02, 0xff, 0xff,
    0x01, 0xd3, 0x9c, 0x01, 0xff, 0xff, 0x01, 0x9e, 0xf7, 0x01, 0x76, 0xb5, 0x0f, 0xff, 0xff, 0x01,
    0x9a, 0xd6, 0x01, 0x6e, 0x73, 0x02, 0xd3, 0x9c, 0x01, 0xbb, 0xde, 0x01, 0xbe, 0xf7, 0x01, 0x5d,
    0xef, 0x01, 0xff, 0xff, 0x01, 0x39, 0xce, 0x01, 0xcb, 0x5a, 0x01, 0xa7, 0x39, 0x01, 0xb2, 0x94,
    0x01, 0x1c, 0xe7, 0x01, 0x49, 0x4a, 0x01, 0xff, 0xff, 0x01, 0xdb, 0xde, 0x01, 0x5d, 0xef, 0x01,
    0x7d, 0xef, 0x01, 0xe8, 0x41, 0x01, 0x4d, 0x6b, 0x01, 0x31, 0x84, 0x01, 0x38, 0xc6, 0x08, 0xff,
    0xff, 0x01, 0xdf, 0xff, 0x01, 0x5e, 0xff, 0x01, 0x1d, 0xff, 0x01, 0xfc, 0xf6, 0x01, 0x7b, 0xf6,
    0x01, 0x5a, 0xf6, 0x01, 0xf8, 0xed, 0x01, 0x19, 0xf6, 0x01, 0x7b, 0xf6, 0x01, 0x9b, 0xf6, 0x01,
    0xfc, 0xf6, 0x01, 0x3d, 0xff, 0x01, 0x7e, 0xff, 0x07, 0xff, 0xff, 0x01, 0x7d, 0xef, 0x01, 0x51,
    0x8c, 0x01, 0xcb, 0x5a, 0x01, 0x86, 0x31, 0x01, 0x55, 0xad, 0x01, 0xff, 0xff, 0x01, 0xfb, 0xe6,
    0x01, 0xc7, 0x39, 0x01, 0xd3, 0x9c, 0x01, 0xdf, 0xf7, 0x01, 0x79, 0xce, 0x01, 0x25, 0x21, 0x01,
    0xbb, 0xd6, 0x06, 0xff, 0xff, 0x01, 0x79, 0xce, 0x01, 0xb2, 0x94, 0x01, 0x14, 0xa5, 0x01, 0x18,
    0xc6, 0x10, 0xff, 0xff, 0x01, 0x7e, 0xf7, 0x01, 0x55, 0xad, 0x01, 0xdb, 0xde, 0x01, 0xff, 0xff,
    0x01, 0x14, 0xa5, 0x01, 0xfb, 0xde, 0x01, 0xff, 0xff, 0x01, 0x5d, 0xef, 0x01, 0x14, 0xa5, 0x01,
    0xbb, 0xde, 0x01, 0xff, 0xff, 0x01, 0x39, 0xce, 0x01, 0x8a, 0x52, 0x01, 0xdf, 0xff, 0x02, 0xff,
    0xff, 0x01, 0x39, 0xce, 0x01, 0x8a, 0x52, 0x01, 0xae, 0x73, 0x01, 0xcb, 0x5a, 0x01, 0x4e, 0x73,
    0x01, 0x0c, 0x63, 0x01, 0x51, 0x8c, 0x18, 0xff, 0xff, 0x01, 0xba, 0xd6, 0x01, 0x2c, 0x63, 0x01,
    0x59, 0xce, 0x01, 0xc7, 0x39, 0x01, 0xd7, 0xbd, 0x01, 0xf7, 0xbd, 0x01, 0xab, 0x5a, 0x01, 0xdf,
    0xff, 0x01, 0x9e, 0xf7, 0x01, 0x55, 0xad, 0x01, 0x6a, 0x52, 0x02, 0xff, 0xff, 0x01, 0x6e, 0x73,
    0x01, 0x2d, 0x6b, 0x01, 0xff, 0xff, 0x01, 0xdf, 0xff, 0x02, 0xff, 0xff, 0x01, 0x96, 0xb5, 0x01,
    0x38, 0xc6, 0x01, 0xff, 0xff, 0x01, 0x1c, 0xe7, 0x01, 0xdb, 0xde, 0x12, 0xff, 0xff, 0x01, 0x7e,
    0xf7, 0x01, 0xff, 0xff, 0x01, 0xb7, 0xbd, 0x01, 0xf8, 0xc5, 0x01, 0xff, 0xff, 0x01, 0x96, 0xb5,
    0x04, 0xff, 0xff, 0x01, 0x14, 0xa5, 0x01, 0x8b, 0x5a, 0x04, 0xff, 0xff, 0x01, 0x59, 0xce, 0x01,
    0xcb, 0x5a, 0x01, 0x8e, 0x73, 0x01, 0x6e, 0x73, 0x01, 0xe8, 0x41, 0x01, 0x4d, 0x6b, 0x01, 0xff,
    0xff, 0x01, 0x7d, 0xef, 0x01, 0x6a, 0x52, 0x01, 0x4d, 0x6b, 0x01, 0x31, 0x8c, 0x01, 0x7a, 0xd6,
    0x05, 0xff, 0xff, 0x01, 0xbe, 0xf7, 0x01, 0x3d, 0xe7, 0x01, 0xdf, 0xff, 0x03, 0xff, 0xff, 0x01,
    0xfb, 0xde, 0x01, 0x55, 0xad, 0x01, 0xd3, 0x9c, 0x01, 0xf0, 0x83, 0x01, 0x2d, 0x6b, 0x01, 0xe8,
    0x41, 0x01, 0xba, 0xd6, 0x01, 0x7d, 0xef, 0x01, 0xf7, 0xbd, 0x01, 0x9e, 0xf7, 0x01, 0xeb, 0x5a,
    0x01, 0x76, 0xb5, 0x01, 0x7d, 0xef, 0x01, 0x6a, 0x52, 0x01, 0xf8, 0xc5, 0x02, 0xff, 0xff, 0x01,
    0xd0, 0x83, 0x01, 0x8a, 0x52, 0x01, 0x59, 0xce, 0x01, 0x7e, 0xf7, 0x01, 0xbb, 0xde, 0x02, 0xff,
    0xff, 0x01, 0x9e, 0xf7, 0x01, 0xb7, 0xbd, 0x01, 0xd3, 0x9c, 0x01, 0x14, 0xa5, 0x01, 0x7a, 0xd6,
    0x16, 0xff, 0xff, 0x01, 0x72, 0x94, 0x01, 0xfb, 0xde, 0x01, 0x96, 0xb5, 0x01, 0xf4, 0xa4, 0x01,
    0x39, 0xce, 0x03, 0xff, 0xff, 0x01, 0x59, 0xce, 0x01, 0xab, 0x5a, 0x01, 0x7d, 0xef, 0x01, 0xff,
    0xff, 0x01, 0x7e, 0xf7, 0x01, 0x72, 0x94, 0x01, 0xf4, 0xa4, 0x01, 0xcf, 0x7b, 0x01, 0xaa, 0x52,
    0x01, 0x46, 0x31, 0x01, 0x8a, 0x52, 0x01, 0xbb, 0xde, 0x01, 0xff, 0xff, 0x01, 0x14, 0xa5, 0x01,
    0xcb, 0x5a, 0x01, 0x2d, 0x6b, 0x01, 0x62, 0x10, 0x01, 0x8b, 0x5a, 0x01, 0x69, 0x4a, 0x01, 0xd7,
    0xbd, 0x01, 0xff, 0xff, 0x01, 0xf3, 0x9c, 0x01, 0xae, 0x73, 0x01, 0x2d, 0x6b, 0x01, 0x08, 0x42,
    0x01, 0x10, 0x84, 0x01, 0x6e, 0x73, 0x01, 0x59, 0xce, 0x01, 0xff, 0xff, 0x01, 0x55, 0xad, 0x01,
    0x2d, 0x6b, 0x01, 0x92, 0x94, 0x01, 0xb7, 0xbd, 0x01, 0x8f, 0x7b, 0x01, 0x65, 0x29, 0x01, 0x7e,
    0xf7, 0x01, 0xff, 0xff, 0x01, 0x4d, 0x6b, 0x01, 0x31, 0x8c, 0x01, 0x76, 0xb5, 0x01, 0x49, 0x4a,
    0x01, 0x0c, 0x63, 0x01, 0x45, 0x29, 0x01, 0xb7, 0xbd, 0x02, 0xff, 0xff, 0x01, 0x7d, 0xef, 0x01,
    0xab, 0x5a, 0x01, 0xb7, 0xbd, 0x02, 0xff, 0xff, 0x01, 0x3d, 0xef, 0x01, 0x5d, 0xef, 0x02, 0x72,
    0x94, 0x01, 0x35, 0xad, 0x01, 0xba, 0xd6, 0x01, 0x1c, 0xe7, 0x16, 0xff, 0xff, 0x01, 0x1c, 0xe7,
    0x01, 0xb3, 0x9c, 0x01, 0xb7, 0xbd, 0x01, 0xd3, 0x9c, 0x01, 0x92, 0x94, 0x01, 0xd7, 0xbd, 0x02,
    0xdf, 0xff, 0x02, 0x9e, 0xf7, 0x01, 0xdf, 0xff, 0x01, 0xff, 0xff, 0x01, 0xdf, 0xff, 0x01, 0xd7,
    0xbd, 0x01, 0x72, 0x94, 0x01, 0x10, 0x84, 0x01, 0x83, 0x18, 0x01, 0x10, 0x84, 0x01, 0xdf, 0xff,
    0x02, 0xff, 0xff, 0x01, 0xb7, 0xbd, 0x01, 0xdb, 0xde, 0x01, 0x18, 0xc6, 0x01, 0x6a, 0x52, 0x01,
    0xff, 0xff, 0x01, 0x1c, 0xe7, 0x01, 0x5d, 0xef, 0x01, 0xff, 0xff, 0x01, 0x2c, 0x63, 0x01, 0x14,
    0xa5, 0x01, 0x55, 0xad, 0x01, 0x69, 0x4a, 0x01, 0x1c, 0xe7, 0x01, 0x4d, 0x6b, 0x01, 0x14, 0xa5,
    0x02, 0xff, 0xff, 0x01, 0xbe, 0xf7, 0x01, 0x51, 0x8c, 0x01, 0x8e, 0x73, 0x01, 0x65, 0x29, 0x01,
    0x18, 0xc6, 0x02, 0xff, 0xff, 0x01, 0xf8, 0xc5, 0x01, 0xc7, 0x39, 0x01, 0x1c, 0xe7, 0x01, 0xcf,
    0x7b, 0x01, 0x49, 0x4a, 0x01, 0x66, 0x31, 0x01, 0x76, 0xb5, 0x01, 0x9e, 0xf7, 0x05, 0xff, 0xff,
    0x01, 0xdf, 0xff, 0x01, 0x7a, 0xd6, 0x01, 0x11, 0x8c, 0x01, 0x19, 0xce, 0x01, 0xb3, 0x9c, 0x01,
    0x14, 0xa5, 0x01, 0x9e, 0xf7, 0x19, 0xff, 0xff, 0x01, 0x1c, 0xe7, 0x01, 0xf8, 0xc5, 0x01, 0x76,
    0xb5, 0x01, 0x52, 0x94, 0x01, 0x14, 0xa5, 0x01, 0x31, 0x8c, 0x01, 0xfb, 0xde, 0x04, 0xff, 0xff,
    0x01, 0xd8, 0xc5, 0x01, 0xf0, 0x83, 0x01, 0x2d, 0x6b, 0x01, 0xc7, 0x39, 0x01, 0x31, 0x8c, 0x01,
    0x76, 0xb5, 0x02, 0xff, 0xff, 0x01, 0x51, 0x8c, 0x01, 0xcb, 0x5a, 0x01, 0xc7, 0x39, 0x01, 0xe4,
    0x20, 0x01, 0xae, 0x73, 0x01, 0x55, 0xad, 0x01, 0xdf, 0xff, 0x01, 0xff, 0xff, 0x01, 0x4d, 0x6b,
    0x01, 0xab, 0x5a, 0x01, 0xeb, 0x5a, 0x01, 0x86, 0x31, 0x01, 0xaf, 0x7b, 0x01, 0xe7, 0x39, 0x01,
    0x96, 0xb5, 0x01, 0xff, 0xff, 0x01, 0xdf, 0xff, 0x01, 0x59, 0xce, 0x01, 0xaf, 0x7b, 0x01, 0x8e,
    0x73, 0x01, 0xe4, 0x20, 0x01, 0xcb, 0x5a, 0x01, 0x35, 0xad, 0x02, 0xff, 0xff, 0x01, 0x29, 0x4a,
    0x01, 0x76, 0xb5, 0x01, 0xba, 0xd6, 0x01, 0x66, 0x31, 0x01, 0x29, 0x4a, 0x01, 0xf0, 0x83, 0x01,
    0x9e, 0xf7, 0x04, 0xff, 0xff, 0x01, 0xdb, 0xde, 0x01, 0x51, 0x8c, 0x01, 0x38, 0xc6, 0x02, 0xb2,
    0x94, 0x01, 0x10, 0x84, 0x01, 0xf3, 0x9c, 0x1b, 0xff, 0xff, 0x01, 0xdf, 0xff, 0x01, 0x18, 0xc6,
    0x01, 0xf4, 0xa4, 0x01, 0x18, 0xc6, 0x01, 0xcf, 0x7b, 0x01, 0x96, 0xb5, 0x01, 0x59, 0xce, 0x04,
    0xff, 0xff, 0x01, 0xdb, 0xde, 0x01, 0xf3, 0x9c, 0x01, 0x59, 0xce, 0x06, 0xff, 0xff, 0x01, 0x4d,
    0x6b, 0x01, 0x8e, 0x73, 0x01, 0xb7, 0xbd, 0x01, 0x92, 0x94, 0x01, 0xbe, 0xf7, 0x01, 0xff, 0xff,
    0x01, 0x2d, 0x6b, 0x01, 0x14, 0xa5, 0x01, 0x55, 0xad, 0x01, 0xaa, 0x5a, 0x01, 0xfc, 0xe6, 0x01,
    0x0c, 0x63, 0x01, 0x35, 0xad, 0x01, 0xff, 0xff, 0x01, 0xb7, 0xbd, 0x01, 0x0c, 0x63, 0x01, 0xaf,
    0x7b, 0x01, 0x31, 0x8c, 0x01, 0xa6, 0x31, 0x01, 0x0c, 0x63, 0x01, 0x9a, 0xd6, 0x02, 0xff, 0xff,
    0x01, 0xb2, 0x94, 0x01, 0xe8, 0x41, 0x01, 0xb2, 0x94, 0x01, 0x76, 0xb5, 0x02, 0xff, 0xff, 0x01,
    0x3d, 0xef, 0x01, 0xb7, 0xbd, 0x01, 0xfb, 0xde, 0x01, 0xfc, 0xe6, 0x01, 0x92, 0x94, 0x01, 0xd3,
    0x9c, 0x01, 0x92, 0x94, 0x01, 0x31, 0x8c, 0x01, 0x79, 0xce, 0x01, 0x3d, 0xef, 0x01, 0x96, 0xb5,
    0x01, 0x1c, 0xe7, 0x1a, 0xff, 0xff, 0x01, 0xdf, 0xff, 0x02, 0xff, 0xff, 0x01, 0x59, 0xce, 0x02,
    0x51, 0x8c, 0x01, 0xf0, 0x83, 0x01, 0x30, 0x84, 0x01, 0x14, 0xa5, 0x01, 0x59, 0xce, 0x01, 0x7d,
    0xef, 0x07, 0xff, 0xff, 0x01, 0xdb, 0xde, 0x01, 0xec, 0x62, 0x01, 0xaf, 0x7b, 0x01, 0x66, 0x31,
    0x01, 0xf0, 0x83, 0x01, 0x1c, 0xe7, 0x03, 0xff, 0xff, 0x01, 0x92, 0x94, 0x01, 0x6e, 0x73, 0x01,
    0xec, 0x62, 0x01, 0x86, 0x39, 0x01, 0x51, 0x8c, 0x01, 0x6e, 0x73, 0x01, 0xba, 0xde, 0x01, 0xff,
    0xff, 0x01, 0x9e, 0xf7, 0x01, 0xfb, 0xde, 0x01, 0xba, 0xd6, 0x01, 0x59, 0xce, 0x01, 0xc7, 0x39,
    0x01, 0x31, 0x8c, 0x03, 0xff, 0xff, 0x01, 0xbf, 0xff, 0x01, 0xdb, 0xde, 0x03, 0xff, 0xff, 0x01,
    0x7d, 0xef, 0x01, 0x72, 0x94, 0x01, 0x18, 0xc6, 0x01, 0x55, 0xad, 0x02, 0xf0, 0x83, 0x01, 0x55,
    0xad, 0x01, 0xf8, 0xc5, 0x01, 0x76, 0xb5, 0x01, 0xbe, 0xf7, 0x21, 0xff, 0xff, 0x01, 0xdf, 0xff,
    0x01, 0x59, 0xce, 0x01, 0x92, 0x94, 0x01, 0x14, 0xa5, 0x01, 0xd3, 0x9c, 0x01, 0x96, 0xb5, 0x01,
    0xd3, 0x9c, 0x01, 0x76, 0xb5, 0x01, 0x3c, 0xe7, 0x01, 0x5d, 0xef, 0x04, 0xff, 0xff, 0x01, 0xbf,
    0xff, 0x01, 0x38, 0xc6, 0x01, 0x55, 0xad, 0x01, 0x72, 0x94, 0x01, 0x8e, 0x73, 0x01, 0xab, 0x5a,
    0x01, 0x92, 0x94, 0x04, 0xff, 0xff, 0x01, 0x7a, 0xd6, 0x01, 0xe8, 0x41, 0x01, 0xaf, 0x73, 0x01,
    0xf0, 0x83, 0x01, 0xfb, 0xe6, 0x02, 0xff, 0xff, 0x01, 0xd3, 0x9c, 0x01, 0x29, 0x4a, 0x01, 0x8a,
    0x52, 0x01, 0x10, 0x84, 0x01, 0xdb, 0xde, 0x05, 0xff, 0xff, 0x01, 0xdf, 0xff, 0x01, 0x9e, 0xf7,
    0x01, 0x3d, 0xef, 0x01, 0xff, 0xff, 0x01, 0x14, 0xa5, 0x01, 0xbf, 0xff, 0x01, 0x1c, 0xe7, 0x01,
    0x92, 0x94, 0x01, 0xb3, 0x9c, 0x01, 0xb7, 0xbd, 0x01, 0xbe, 0xf7, 0x25, 0xff, 0xff, 0x01, 0x5d,
    0xef, 0x01, 0xfc, 0xe6, 0x01, 0x9a, 0xd6, 0x01, 0x96, 0xb5, 0x01, 0xd7, 0xbd, 0x01, 0x72, 0x94,
    0x01, 0x92, 0x94, 0x01, 0xf8, 0xc5, 0x01, 0xb7, 0xbd, 0x01, 0xdb, 0xde, 0x01, 0xdf, 0xff, 0x01,
    0x1c, 0xe7, 0x01, 0xdb, 0xde, 0x05, 0xff, 0xff, 0x01, 0xdf, 0xff, 0x01, 0xff, 0xff, 0x01, 0xdf,
    0xff, 0x03, 0xff, 0xff, 0x01, 0xbb, 0xde, 0x01, 0xf8, 0xc5, 0x01, 0xf7, 0xbd, 0x01, 0x5d, 0xef,
    0x02, 0xff, 0xff, 0x01, 0x9e, 0xf7, 0x01, 0xbf, 0xff, 0x06, 0xff, 0xff, 0x01, 0x5d, 0xef, 0x01,
    0xfc, 0xe6, 0x01, 0x9a, 0xd6, 0x01, 0x35, 0xad, 0x01, 0x18, 0xc6, 0x01, 0xff, 0xff, 0x01, 0x9a,
    0xd6, 0x01, 0xb3, 0x9c, 0x01, 0x55, 0xad, 0x01, 0xdb, 0xde, 0x2a, 0xff, 0xff, 0x01, 0xde, 0xf7,
    0x01, 0x92, 0x94, 0x01, 0x6e, 0x73, 0x01, 0xd3, 0x9c, 0x01, 0xb7, 0xbd, 0x01, 0x59, 0xce, 0x01,
    0x10, 0x84, 0x01, 0xf0, 0x83, 0x01, 0xb6, 0xb5, 0x01, 0x10, 0x84, 0x01, 0x55, 0xad, 0x01, 0xbe,
    0xf7, 0x01, 0xbf, 0xff, 0x01, 0xdf, 0xff, 0x02, 0xff, 0xff, 0x01, 0x7e, 0xf7, 0x04, 0xff, 0xff,
    0x01, 0x5d, 0xef, 0x01, 0xdb, 0xde, 0x01, 0x7d, 0xef, 0x06, 0xff, 0xff, 0x01, 0xbb, 0xde, 0x01,
    0xbe, 0xf7, 0x01, 0x5d, 0xef, 0x01, 0xbb, 0xde, 0x01, 0x9a, 0xd6, 0x01, 0xf8, 0xc5, 0x01, 0x92,
    0x94, 0x01, 0x56, 0xb5, 0x01, 0xd3, 0x9c, 0x01, 0x35, 0xad, 0x01, 0x39, 0xce, 0x01, 0xba, 0xd6,
    0x01, 0xff, 0xff, 0x01, 0xf8, 0xc5, 0x01, 0x1c, 0xe7, 0x2c, 0xff, 0xff, 0x02, 0xd7, 0xbd, 0x01,
    0x1c, 0xe7, 0x01, 0x7d, 0xef, 0x01, 0x35, 0xad, 0x01, 0x8f, 0x7b, 0x01, 0x10, 0x84, 0x01, 0xd7,
    0xbd, 0x01, 0x76, 0xb5, 0x01, 0xb3, 0x9c, 0x01, 0x79, 0xce, 0x01, 0xf7, 0xbd, 0x01, 0x39, 0xce,
    0x01, 0xd3, 0x9c, 0x01, 0x96, 0xb5, 0x01, 0x52, 0x94, 0x01, 0xfb, 0xde, 0x01, 0x7a, 0xd6, 0x01,
    0xdf, 0xff, 0x01, 0xff, 0xff, 0x01, 0x14, 0xa5, 0x01, 0xb7, 0xbd, 0x01, 0x59, 0xce, 0x01, 0xb6,
    0xb5, 0x01, 0x3c, 0xe7, 0x01, 0x7a, 0xd6, 0x01, 0x9e, 0xf7, 0x01, 0x96, 0xb5, 0x01, 0xb6, 0xb5,
    0x01, 0x10, 0x84, 0x01, 0x55, 0xad, 0x01, 0x14, 0xa5, 0x02, 0x55, 0xad, 0x01, 0x31, 0x8c, 0x01,
    0xd7, 0xbd, 0x01, 0x76, 0xb5, 0x01, 0x35, 0xad, 0x01, 0xb7, 0xbd, 0x01, 0x35, 0xad, 0x01, 0x5d,
    0xef, 0x33, 0xff, 0xff, 0x01, 0xdf, 0xff, 0x01, 0xdb, 0xde, 0x01, 0x3c, 0xe7, 0x01, 0x76, 0xb5,
    0x01, 0x14, 0xa5, 0x01, 0x97, 0xbd, 0x01, 0xf3, 0x9c, 0x01, 0xf4, 0xa4, 0x01, 0x34, 0xa5, 0x01,
    0x8f, 0x7b, 0x01, 0x71, 0x8c, 0x01, 0x35, 0xad, 0x01, 0x51, 0x8c, 0x01, 0x11, 0x8c, 0x01, 0x59,
    0xce, 0x01, 0xff, 0xff, 0x01, 0x92, 0x94, 0x01, 0x55, 0xad, 0x01, 0x9a, 0xd6, 0x01, 0x35, 0xad,
    0x03, 0x72, 0x94, 0x01, 0xd7, 0xbd, 0x01, 0xfb, 0xde, 0x01, 0x34, 0xa5, 0x01, 0xb6, 0xb5, 0x01,
    0xd7, 0xbd, 0x01, 0x56, 0xb5, 0x01, 0x76, 0xb5, 0x01, 0x75, 0xad, 0x01, 0xbb, 0xde, 0x01, 0x1c,
    0xe7, 0x01, 0x9e, 0xf7, 0x39, 0xff, 0xff, 0x02, 0xdf, 0xff, 0x01, 0x9e, 0xf7, 0x01, 0xb7, 0xbd,
    0x01, 0xbb, 0xde, 0x01, 0x76, 0xb5, 0x01, 0x92, 0x94, 0x01, 0x75, 0xad, 0x01, 0xd3, 0x9c, 0x02,
    0xf4, 0xa4, 0x01, 0xfc, 0xe6, 0x01, 0xdf, 0xff, 0x01, 0xd3, 0x9c, 0x01, 0x39, 0xce, 0x01, 0xdb,
    0xde, 0x01, 0x76, 0xb5, 0x01, 0x31, 0x8c, 0x01, 0xf4, 0xa4, 0x01, 0x76, 0xb5, 0x01, 0xf4, 0xa4,
    0x01, 0xb7, 0xbd, 0x02, 0xd7, 0xbd, 0x01, 0x3d, 0xef, 0x01, 0x3c, 0xe7, 0x01, 0x9a, 0xd6, 0x45,
    0xff, 0xff, 0x01, 0xbe, 0xf7, 0x01, 0x3d, 0xef, 0x01, 0xba, 0xd6, 0x02, 0xff, 0xff, 0x01, 0x9a,
    0xd6, 0x01, 0xf8, 0xc5, 0x01, 0x7a, 0xd6, 0x01, 0x9e, 0xf7, 0x01, 0x3d, 0xef, 0x01, 0x79, 0xce,
    0x01, 0xff, 0xff, 0x01, 0x5d, 0xef, 0x01, 0x9e, 0xf7, 0x7c, 0xff, 0xff,
};

#define UI_ASSET_ROBOT_ARM_RAW_SIZE (56448U)
#define UI_ASSET_ROBOT_ARM_CRC32 (0xBFD7E637U)
static const uint8_t g_robot_arm_rgb565_rle[] = {
    0xff, 0xff, 0xff, 0xff, 0xff, 0xff, 0xff, 0xff, 0xff, 0xff, 0xff, 0xff, 0xff, 0xff, 0xff, 0xff,
    0xff, 0xff, 0xff, 0xff, 0xff, 0xff, 0xff, 0xff, 0xff, 0xff, 0xff, 0xff, 0xff, 0xff, 0xff, 0xff,
    0xff, 0xff, 0xff, 0xff, 0xff, 0xff, 0xff, 0xff, 0xff, 0xff, 0xff, 0xff, 0xff, 0xff, 0xff, 0xff,
    0xff, 0xff, 0xff, 0xff, 0xff, 0xff, 0xff, 0xff, 0xff, 0xff, 0xff, 0xff, 0xbd, 0xff, 0xff, 0x07,
    0xdf, 0xff, 0xa8, 0xff, 0xff, 0x01, 0xdf, 0xff, 0x9d, 0xff, 0xff, 0x01, 0xdf, 0xff, 0x01, 0xff,
    0xff, 0x01, 0x9a, 0xd6, 0x01, 0x31, 0x84, 0x01, 0x49, 0x42, 0x01, 0x86, 0x29, 0x01, 0xc7, 0x31,
    0x01, 0xec, 0x5a, 0x01, 0xf4, 0x94, 0x01, 0xbe, 0xef, 0x01, 0xff, 0xff, 0x01, 0xdf, 0xf7, 0x9b,
    0xff, 0xff, 0x01, 0xde, 0xf7, 0x01, 0xff, 0xff, 0x01, 0x31, 0x84, 0x01, 0xc3, 0x10, 0x01, 0xc3,
    0x08, 0x01, 0x25, 0x11, 0x01, 0x45, 0x11, 0x01, 0x45, 0x19, 0x01, 0xe4, 0x08, 0x01, 0x82, 0x00,
    0x01, 0x86, 0x21, 0x01, 0xd7, 0xad, 0x01, 0xff, 0xff, 0x01, 0xbe, 0xff, 0x01, 0xdf, 0xff, 0x97,
    0xff, 0xff, 0x02, 0xdf, 0xff, 0x01, 0xff, 0xff, 0x01, 0x2d, 0x5b, 0x01, 0xa3, 0x00, 0x01, 0x87,
    0x21, 0x01, 0xc8, 0x21, 0x01, 0xa7, 0x21, 0x01, 0x86, 0x19, 0x01, 0x66, 0x19, 0x01, 0xa7, 0x21,
    0x01, 0xe8, 0x29, 0x01, 0x46, 0x19, 0x01, 0xa3, 0x00, 0x01, 0x51, 0x7c, 0x01, 0xff, 0xff, 0x01,
    0xbe, 0xf7, 0x03, 0xdf, 0xff, 0x94, 0xff, 0xff, 0x01, 0xdf, 0xf7, 0x01, 0xff, 0xff, 0x01, 0x72,
    0x84, 0x01, 0x83, 0x00, 0x01, 0xa7, 0x21, 0x01, 0xa8, 0x19, 0x01, 0xc8, 0x19, 0x01, 0xc4, 0x08,
    0x01, 0x05, 0x11, 0x01, 0xa7, 0x29, 0x01, 0x46, 0x19, 0x01, 0xc4, 0x08, 0x01, 0xa7, 0x21, 0x01,
    0xa7, 0x29, 0x01, 0x62, 0x08, 0x01, 0xb2, 0x94, 0x01, 0xff, 0xff, 0x01, 0x7d, 0xef, 0x01, 0xdf,
    0xff, 0x02, 0xff, 0xff, 0x01, 0xdf, 0xff, 0x91, 0xff, 0xff, 0x01, 0xdf, 0xff, 0x01, 0xff, 0xff,
    0x01, 0x79, 0xc6, 0x01, 0xc3, 0x08, 0x01, 0xa7, 0x19, 0x01, 0x87, 0x19, 0x01, 0xa8, 0x21, 0x01,
    0xc4, 0x08, 0x01, 0x4e, 0x63, 0x01, 0x9a, 0xce, 0x01, 0x7e, 0xef, 0x01, 0x9a, 0xd6, 0x01, 0x4e,
    0x63, 0x01, 0xc4, 0x10, 0x02, 0x87, 0x21, 0x01, 0xa3, 0x08, 0x01, 0xdb, 0xde, 0x01, 0xbe, 0xf7,
    0x01, 0x2c, 0x63, 0x01, 0x14, 0x9d, 0x01, 0x9e, 0xef, 0x02, 0xff, 0xff, 0x02, 0xdf, 0xff, 0x03,
    0xff, 0xff, 0x01, 0xdf, 0xff, 0x8b, 0xff, 0xff, 0x01, 0x9e, 0xef, 0x01, 0xa7, 0x29, 0x01, 0x45,
    0x11, 0x02, 0xa8, 0x19, 0x01, 0xc4, 0x08, 0x01, 0x4e, 0x6b, 0x02, 0xff, 0xff, 0x01, 0xdf, 0xff,
    0x02, 0xff, 0xff, 0x01, 0xaf, 0x6b, 0x01, 0xc4, 0x08, 0x01, 0xc8, 0x21, 0x01, 0xe4, 0x08, 0x01,
    0xae, 0x73, 0x01, 0xff, 0xff, 0x01, 0x4d, 0x6b, 0x01, 0x41, 0x00, 0x01, 0xc7, 0x31, 0x01, 0x0f,
    0x7c, 0x01, 0x9a, 0xce, 0x03, 0xff, 0xff, 0x02, 0xdf, 0xff, 0x01, 0xbf, 0xff, 0x01, 0xdf, 0xff,
    0x88, 0xff, 0xff, 0x01, 0xdf, 0xff, 0x01, 0xff, 0xff, 0x01, 0xae, 0x6b, 0x01, 0xc4, 0x08, 0x01,
    0xa7, 0x19, 0x02, 0x87, 0x19, 0x01, 0x04, 0x11, 0x01, 0xdb, 0xd6, 0x01, 0xff, 0xff, 0x01, 0xdf,
    0xf7, 0x01, 0xdf, 0xff, 0x01, 0x9e, 0xf7, 0x01, 0xff, 0xff, 0x01, 0xfc, 0xd6, 0x01, 0x25, 0x19,
    0x01, 0xa7, 0x21, 0x01, 0x66, 0x19, 0x01, 0xa6, 0x29, 0x01, 0xff, 0xff, 0x01, 0xf8, 0xbd, 0x01,
    0xc4, 0x08, 0x01, 0x66, 0x19, 0x01, 0xc3, 0x08, 0x01, 0xe4, 0x10, 0x01, 0xeb, 0x52, 0x01, 0x96,
    0xad, 0x01, 0xbe, 0xef, 0x02, 0xff, 0xff, 0x02, 0xdf, 0xff, 0x87, 0xff, 0xff, 0x01, 0xdf, 0xff,
    0x01, 0xff, 0xff, 0x01, 0x96, 0xad, 0x01, 0xa3, 0x00, 0x01, 0xa7, 0x21, 0x01, 0x87, 0x19, 0x01,
    0xa8, 0x19, 0x01, 0x46, 0x11, 0x01, 0x29, 0x3a, 0x01, 0xdf, 0xef, 0x02, 0xdf, 0xf7, 0x03, 0xdf,
    0xff, 0x01, 0xbf, 0xf7, 0x01, 0x08, 0x3a, 0x01, 0x66, 0x19, 0x01, 0x87, 0x19, 0x01, 0x45, 0x21,
    0x01, 0xbe, 0xf7, 0x01, 0x9a, 0xc6, 0x01, 0xa4, 0x00, 0x02, 0xa7, 0x19, 0x01, 0x87, 0x19, 0x01,
    0x05, 0x09, 0x01, 0xc4, 0x08, 0x01, 0xa7, 0x29, 0x01, 0x10, 0x7c, 0x01, 0x9a, 0xce, 0x03, 0xff,
    0xff, 0x01, 0xdf, 0xff, 0x84, 0xff, 0xff, 0x01, 0xdf, 0xff, 0x01, 0xff, 0xff, 0x01, 0x1c, 0xdf,
    0x01, 0x45, 0x21, 0x01, 0x46, 0x19, 0x01, 0x87, 0x19, 0x01, 0x88, 0x19, 0x01, 0x87, 0x19, 0x01,
    0x66, 0x19, 0x01, 0x45, 0x19, 0x01, 0x3c, 0xdf, 0x01, 0xff, 0xf7, 0x01, 0xdf, 0xf7, 0x01, 0xff,
    0xff, 0x01, 0xbe, 0xff, 0x01, 0xdf, 0xff, 0x01, 0x7d, 0xe7, 0x01, 0x66, 0x21, 0x01, 0x87, 0x19,
    0x01, 0x67, 0x11, 0x01, 0x66, 0x21, 0x01, 0x9e, 0xef, 0x01, 0x9a, 0xc6, 0x01, 0xe5, 0x00, 0x01,
    0x87, 0x11, 0x01, 0x87, 0x19, 0x01, 0x87, 0x11, 0x01, 0xa8, 0x19, 0x01, 0xa7, 0x19, 0x01, 0x46,
    0x11, 0x01, 0xc4, 0x08, 0x01, 0x04, 0x11, 0x01, 0xcb, 0x52, 0x01, 0x96, 0xad, 0x01, 0xbe, 0xf7,
    0x02, 0xff, 0xff, 0x02, 0xdf, 0xff, 0x01, 0xff, 0xff, 0x01, 0xdf, 0xff, 0x7f, 0xff, 0xff, 0x01,
    0xdf, 0xf7, 0x01, 0xff, 0xff, 0x01, 0xcc, 0x52, 0x01, 0xc4, 0x08, 0x01, 0xa7, 0x19, 0x01, 0x67,
    0x19, 0x01, 0x88, 0x19, 0x01, 0x67, 0x19, 0x01, 0xa8, 0x21, 0x01, 0xa3, 0x00, 0x01, 0x30, 0x7c,
    0x01, 0xff, 0xff, 0x01, 0xff, 0xf7, 0x01, 0xdf, 0xf7, 0x01, 0xdf, 0xff, 0x01, 0xff, 0xff, 0x01,
    0x10, 0x7c, 0x01, 0xc4, 0x08, 0x01, 0xe8, 0x21, 0x01, 0x66, 0x19, 0x01, 0x45, 0x21, 0x01, 0xff,
    0xff, 0x01, 0x5a, 0xc6, 0x01, 0xc4, 0x00, 0x01, 0xa8, 0x19, 0x04, 0x87, 0x11, 0x01, 0x87, 0x19,
    0x01, 0xc8, 0x21, 0x01, 0x66, 0x19, 0x01, 0xe4, 0x08, 0x01, 0xc4, 0x08, 0x01, 0xa7, 0x29, 0x01,
    0x31, 0x7c, 0x01, 0x5d, 0xe7, 0x01, 0xff, 0xff, 0x02, 0xbe, 0xf7, 0x01, 0xbe, 0xff, 0x7e, 0xff,
    0xff, 0x01, 0xdf, 0xff, 0x01, 0xff, 0xff, 0x01, 0xf3, 0x94, 0x01, 0xa3, 0x00, 0x01, 0xe8, 0x21,
    0x01, 0x86, 0x19, 0x01, 0x87, 0x11, 0x01, 0x87, 0x19, 0x01, 0x88, 0x19, 0x01, 0x87, 0x19, 0x01,
    0xa7, 0x21, 0x01, 0xc3, 0x08, 0x01, 0x31, 0x7c, 0x01, 0x5d, 0xe7, 0x01, 0xbf, 0xf7, 0x01, 0x5d,
    0xef, 0x01, 0x71, 0x8c, 0x01, 0xc4, 0x08, 0x01, 0x87, 0x19, 0x01, 0xa7, 0x19, 0x01, 0x25, 0x11,
    0x01, 0x8a, 0x4a, 0x01, 0xff, 0xff, 0x01, 0xb3, 0x8c, 0x01, 0xc4, 0x00, 0x01, 0xa8, 0x19, 0x05,
    0x87, 0x19, 0x01, 0x67, 0x11, 0x01, 0x88, 0x19, 0x01, 0xa8, 0x19, 0x01, 0x88, 0x19, 0x01, 0x26,
    0x11, 0x01, 0xc4, 0x00, 0x01, 0x46, 0x21, 0x01, 0x39, 0xc6, 0x01, 0xff, 0xff, 0x01, 0xbe, 0xf7,
    0x01, 0xdf, 0xff, 0x7f, 0xff, 0xff, 0x01, 0xdb, 0xce, 0x01, 0x24, 0x09, 0x01, 0x66, 0x11, 0x01,
    0xa6, 0x11, 0x01, 0x86, 0x19, 0x01, 0xa7, 0x19, 0x01, 0x87, 0x11, 0x01, 0x88, 0x19, 0x02, 0x87,
    0x19, 0x01, 0x87, 0x21, 0x01, 0xc3, 0x08, 0x01, 0x86, 0x21, 0x01, 0x8a, 0x4a, 0x01, 0x66, 0x21,
    0x01, 0xc4, 0x08, 0x02, 0x87, 0x19, 0x01, 0xa7, 0x19, 0x01, 0x82, 0x00, 0x01, 0xb6, 0xad, 0x01,
    0xff, 0xff, 0x01, 0x6a, 0x42, 0x01, 0x26, 0x09, 0x01, 0xa8, 0x19, 0x03, 0x87, 0x19, 0x02, 0x88,
    0x19, 0x01, 0x88, 0x11, 0x01, 0x88, 0x19, 0x01, 0x88, 0x11, 0x01, 0x68, 0x11, 0x01, 0x88, 0x19,
    0x01, 0xa8, 0x21, 0x01, 0x46, 0x19, 0x01, 0xc4, 0x10, 0x01, 0xba, 0xd6, 0x01, 0xff, 0xff, 0x01,
    0xde, 0xff, 0x7b, 0xff, 0xff, 0x01, 0xfe, 0xff, 0x01, 0xbd, 0xf7, 0x02, 0xdf, 0xf7, 0x01, 0xe8,
    0x31, 0x01, 0xe5, 0x08, 0x03, 0x87, 0x19, 0x03, 0x87, 0x11, 0x01, 0x87, 0x19, 0x01, 0x67, 0x19,
    0x01, 0x67, 0x21, 0x01, 0xa7, 0x21, 0x01, 0x66, 0x11, 0x01, 0x25, 0x09, 0x01, 0x87, 0x11, 0x01,
    0xc8, 0x19, 0x01, 0xa7, 0x19, 0x01, 0xa8, 0x21, 0x01, 0xe4, 0x08, 0x01, 0xec, 0x5a, 0x01, 0xff,
    0xff, 0x01, 0x18, 0xb6, 0x01, 0xa3, 0x00, 0x01, 0xa8, 0x21, 0x01, 0x87, 0x11, 0x01, 0xa8, 0x19,
    0x02, 0x88, 0x11, 0x06, 0x88, 0x19, 0x01, 0x87, 0x19, 0x01, 0x67, 0x19, 0x01, 0xa8, 0x21, 0x01,
    0xc4, 0x08, 0x01, 0xcc, 0x52, 0x01, 0xff, 0xff, 0x01, 0xde, 0xf7, 0x01, 0xdf, 0xff, 0x01, 0xff,
    0xff, 0x01, 0xdf, 0xff, 0x01, 0x3c, 0xe7, 0x01, 0xbb, 0xd6, 0x01, 0x18, 0xbe, 0x01, 0xd7, 0xb5,
    0x01, 0x55, 0xa5, 0x01, 0x31, 0x7c, 0x01, 0x2d, 0x5b, 0x01, 0xaa, 0x4a, 0x01, 0x28, 0x42, 0x01,
    0x6d, 0x63, 0x01, 0xff, 0xff, 0x01, 0xdf, 0xff, 0x6d, 0xff, 0xff, 0x01, 0xbe, 0xf7, 0x01, 0xff,
    0xff, 0x01, 0x31, 0x7c, 0x01, 0xe5, 0x10, 0x01, 0xc9, 0x29, 0x01, 0xa8, 0x21, 0x06, 0x87, 0x19,
    0x02, 0x67, 0x19, 0x01, 0x86, 0x19, 0x01, 0x87, 0x19, 0x02, 0xa7, 0x19, 0x01, 0xa8, 0x19, 0x01,
    0x87, 0x19, 0x01, 0x46, 0x19, 0x01, 0x66, 0x21, 0x01, 0x3c, 0xdf, 0x01, 0xdf, 0xf7, 0x01, 0x29,
    0x32, 0x01, 0x26, 0x11, 0x01, 0xa8, 0x19, 0x01, 0x87, 0x11, 0x01, 0xa8, 0x19, 0x01, 0x87, 0x11,
    0x09, 0x87, 0x19, 0x01, 0x67, 0x19, 0x01, 0x87, 0x21, 0x01, 0xc4, 0x10, 0x01, 0xdb, 0xd6, 0x01,
    0xff, 0xff, 0x01, 0x9e, 0xef, 0x01, 0xaa, 0x52, 0x01, 0xe7, 0x31, 0x01, 0x86, 0x29, 0x01, 0x04,
    0x11, 0x01, 0xa3, 0x08, 0x01, 0x83, 0x08, 0x01, 0xc4, 0x08, 0x01, 0xe4, 0x10, 0x01, 0xe4, 0x08,
    0x01, 0x04, 0x09, 0x01, 0x45, 0x19, 0x01, 0x62, 0x00, 0x01, 0x93, 0x8c, 0x6d, 0xff, 0xff, 0x01,
    0xde, 0xff, 0x01, 0xff, 0xff, 0x01, 0x39, 0xc6, 0x01, 0x42, 0x00, 0x02, 0xa4, 0x08, 0x01, 0x84,
    0x00, 0x01, 0x06, 0x11, 0x01, 0x67, 0x19, 0x01, 0x87, 0x21, 0x0a, 0x87, 0x19, 0x01, 0xa7, 0x21,
    0x01, 0xa3, 0x08, 0x01, 0x96, 0xa5, 0x01, 0xff, 0xff, 0x01, 0x10, 0x74, 0x01, 0x83, 0x00, 0x01,
    0xc8, 0x21, 0x01, 0x87, 0x19, 0x01, 0x88, 0x19, 0x01, 0xa8, 0x11, 0x08, 0x87, 0x19, 0x01, 0x87,
    0x11, 0x02, 0x87, 0x19, 0x01, 0xa7, 0x21, 0x01, 0xc4, 0x08, 0x01, 0x75, 0xa5, 0x01, 0xff, 0xff,
    0x01, 0xd3, 0x8c, 0x01, 0x41, 0x00, 0x02, 0x66, 0x19, 0x02, 0x87, 0x19, 0x03, 0xa8, 0x21, 0x01,
    0xa7, 0x21, 0x01, 0xa7, 0x19, 0x01, 0x87, 0x19, 0x01, 0x87, 0x21, 0x01, 0xe4, 0x10, 0x01, 0x7a,
    0xc6, 0x6d, 0xff, 0xff, 0x01, 0x1b, 0xe7, 0x01, 0xc6, 0x31, 0x01, 0x49, 0x4a, 0x01, 0xaf, 0x73,
    0x02, 0xcf, 0x73, 0x01, 0xab, 0x4a, 0x01, 0x25, 0x19, 0x01, 0xa3, 0x08, 0x01, 0x46, 0x19, 0x01,
    0x87, 0x21, 0x07, 0x87, 0x19, 0x01, 0xa7, 0x21, 0x01, 0xc4, 0x08, 0x01, 0x4d, 0x63, 0x01, 0xff,
    0xff, 0x01, 0x76, 0xad, 0x01, 0xa3, 0x08, 0x01, 0xa7, 0x21, 0x01, 0x87, 0x21, 0x01, 0x67, 0x19,
    0x02, 0x88, 0x19, 0x08, 0x87, 0x19, 0x01, 0x87, 0x11, 0x02, 0x87, 0x19, 0x01, 0xc8, 0x21, 0x01,
    0xe4, 0x08, 0x01, 0xd3, 0x8c, 0x01, 0xff, 0xf7, 0x01, 0xc8, 0x29, 0x01, 0x66, 0x11, 0x01, 0xa8,
    0x19, 0x01, 0x87, 0x19, 0x02, 0x88, 0x19, 0x01, 0xa8, 0x19, 0x01, 0x88, 0x19, 0x01, 0x67, 0x19,
    0x03, 0x87, 0x19, 0x01, 0xa7, 0x21, 0x01, 0x25, 0x11, 0x01, 0xe8, 0x31, 0x01, 0xbe, 0xf7, 0x01,
    0xff, 0xff, 0x01, 0xdf, 0xff, 0x6a, 0xff, 0xff, 0x01, 0x98, 0xce, 0x01, 0xb9, 0xd6, 0x05, 0xff,
    0xff, 0x01, 0x9e, 0xef, 0x01, 0x35, 0x9d, 0x01, 0xc8, 0x29, 0x01, 0xa4, 0x08, 0x06, 0x87, 0x19,
    0x01, 0xa7, 0x19, 0x01, 0x26, 0x11, 0x01, 0x87, 0x29, 0x01, 0x7d, 0xef, 0x01, 0xff, 0xff, 0x01,
    0xab, 0x52, 0x01, 0xa3, 0x10, 0x01, 0xc4, 0x10, 0x01, 0x66, 0x19, 0x01, 0xa8, 0x21, 0x02, 0x87,
    0x19, 0x01, 0x67, 0x19, 0x0a, 0x87, 0x19, 0x01, 0xa8, 0x21, 0x01, 0xa3, 0x00, 0x01, 0x59, 0xbe,
    0x01, 0xf7, 0xad, 0x01, 0xa3, 0x00, 0x01, 0xa8, 0x19, 0x01, 0x87, 0x19, 0x02, 0x88, 0x19, 0x02,
    0x88, 0x11, 0x03, 0x88, 0x19, 0x01, 0xa8, 0x19, 0x01, 0x87, 0x11, 0x01, 0x87, 0x19, 0x01, 0xa8,
    0x21, 0x01, 0xa4, 0x00, 0x01, 0x6e, 0x6b, 0x01, 0xff, 0xff, 0x01, 0xbe, 0xf7, 0x69, 0xff, 0xff,
    0x01, 0xde, 0xf7, 0x01, 0xff, 0xff, 0x01, 0xdf, 0xf7, 0x01, 0xf7, 0xb5, 0x01, 0xcf, 0x73, 0x01,
    0x2d, 0x5b, 0x01, 0x4d, 0x5b, 0x01, 0x30, 0x74, 0x01, 0x79, 0xc6, 0x02, 0xff, 0xff, 0x01, 0x8f,
    0x6b, 0x01, 0xc4, 0x08, 0x02, 0x67, 0x19, 0x01, 0xa7, 0x19, 0x03, 0x87, 0x19, 0x01, 0xa3, 0x08,
    0x01, 0x39, 0xbe, 0x01, 0xff, 0xff, 0x01, 0xde, 0xf7, 0x01, 0xdf, 0xff, 0x01, 0x9a, 0xd6, 0x01,
    0xcf, 0x73, 0x01, 0x66, 0x21, 0x01, 0xa3, 0x08, 0x01, 0x26, 0x11, 0x01, 0x87, 0x21, 0x01, 0xa8,
    0x21, 0x02, 0x67, 0x19, 0x07, 0x87, 0x19, 0x01, 0x88, 0x19, 0x01, 0x67, 0x19, 0x01, 0x46, 0x19,
    0x01, 0x7e, 0xdf, 0x01, 0xab, 0x4a, 0x01, 0xe5, 0x08, 0x01, 0xa8, 0x19, 0x06, 0x88, 0x19, 0x01,
    0x88, 0x21, 0x01, 0xc8, 0x21, 0x01, 0xa8, 0x19, 0x02, 0x87, 0x19, 0x01, 0x67, 0x19, 0x01, 0xa8,
    0x21, 0x01, 0xa4, 0x08, 0x01, 0x76, 0xa5, 0x01, 0xff, 0xff, 0x01, 0xde, 0xff, 0x69, 0xff, 0xff,
    0x01, 0x76, 0xad, 0x01, 0xa7, 0x31, 0x01, 0x84, 0x08, 0x01, 0xc5, 0x10, 0x01, 0xc5, 0x08, 0x01,
    0xe5, 0x10, 0x01, 0xe4, 0x08, 0x01, 0xc2, 0x08, 0x01, 0x28, 0x3a, 0x01, 0x59, 0xc6, 0x01, 0xff,
    0xff, 0x01, 0x72, 0x84, 0x01, 0xa4, 0x00, 0x01, 0x87, 0x21, 0x02, 0x87, 0x19, 0x01, 0xc9, 0x21,
    0x01, 0x83, 0x00, 0x01, 0x51, 0x7c, 0x01, 0xff, 0xff, 0x01, 0xbe, 0xf7, 0x01, 0xde, 0xff, 0x01,
    0xbe, 0xff, 0x02, 0xff, 0xff, 0x01, 0x5d, 0xe7, 0x01, 0x35, 0x9d, 0x01, 0x8b, 0x42, 0x02, 0xc4,
    0x08, 0x01, 0x67, 0x19, 0x01, 0xa8, 0x21, 0x06, 0x87, 0x19, 0x01, 0x67, 0x19, 0x01, 0xc9, 0x21,
    0x01, 0x64, 0x00, 0x01, 0x32, 0x7c, 0x01, 0xbb, 0xce, 0x01, 0xc4, 0x08, 0x01, 0x87, 0x21, 0x01,
    0x87, 0x19, 0x01, 0x88, 0x21, 0x05, 0x88, 0x19, 0x01, 0x47, 0x19, 0x01, 0xc5, 0x00, 0x01, 0xc4,
    0x00, 0x01, 0x26, 0x09, 0x01, 0xa8, 0x19, 0x01, 0xa8, 0x21, 0x01, 0x87, 0x19, 0x01, 0x47, 0x19,
    0x01, 0x05, 0x19, 0x01, 0xdb, 0xd6, 0x66, 0xff, 0xff, 0x02, 0xdf, 0xff, 0x01, 0xff, 0xff, 0x01,
    0x31, 0x84, 0x01, 0x83, 0x00, 0x01, 0x26, 0x19, 0x01, 0xa8, 0x21, 0x01, 0x26, 0x11, 0x01, 0xc4,
    0x08, 0x01, 0x05, 0x09, 0x01, 0x66, 0x19, 0x01, 0xa7, 0x21, 0x01, 0xe4, 0x08, 0x01, 0xc3, 0x08,
    0x01, 0x14, 0x9d, 0x01, 0xff, 0xff, 0x01, 0x4e, 0x5b, 0x01, 0xc4, 0x08, 0x01, 0xa8, 0x19, 0x01,
    0xa8, 0x21, 0x01, 0xe4, 0x08, 0x01, 0x49, 0x3a, 0x01, 0xdf, 0xf7, 0x04, 0xff, 0xff, 0x02, 0xdf,
    0xff, 0x03, 0xff, 0xff, 0x01, 0x79, 0xce, 0x01, 0x8e, 0x6b, 0x01, 0x45, 0x21, 0x01, 0xa3, 0x08,
    0x01, 0x05, 0x11, 0x01, 0xa7, 0x21, 0x02, 0xa7, 0x19, 0x01, 0xa8, 0x19, 0x01, 0xa8, 0x21, 0x01,
    0x87, 0x21, 0x01, 0xa3, 0x00, 0x01, 0x09, 0x3a, 0x01, 0xff, 0xf7, 0x01, 0x4e, 0x5b, 0x01, 0xc4,
    0x08, 0x01, 0xa8, 0x19, 0x01, 0x87, 0x19, 0x05, 0x88, 0x19, 0x01, 0x87, 0x19, 0x01, 0x46, 0x19,
    0x01, 0xd7, 0xad, 0x01, 0x55, 0xa5, 0x01, 0x29, 0x3a, 0x01, 0xa3, 0x08, 0x01, 0x05, 0x09, 0x01,
    0x87, 0x19, 0x01, 0xc8, 0x29, 0x01, 0xe4, 0x10, 0x01, 0x29, 0x3a, 0x01, 0xdf, 0xf7, 0x65, 0xff,
    0xff, 0x01, 0xde, 0xf7, 0x01, 0xff, 0xff, 0x01, 0xb3, 0x94, 0x01, 0x42, 0x00, 0x01, 0xa7, 0x21,
    0x01, 0x87, 0x21, 0x01, 0xc4, 0x08, 0x01, 0xec, 0x52, 0x01, 0x14, 0x95, 0x01, 0x92, 0x84, 0x01,
    0x6a, 0x3a, 0x01, 0xe4, 0x08, 0x01, 0xa7, 0x21, 0x01, 0x66, 0x21, 0x01, 0x63, 0x00, 0x01, 0x18,
    0xbe, 0x01, 0xbe, 0xf7, 0x01, 0x67, 0x21, 0x01, 0x67, 0x19, 0x01, 0x66, 0x19, 0x01, 0xe4, 0x10,
    0x01, 0xba, 0xce, 0x0c, 0xff, 0xff, 0x01, 0x3c, 0xe7, 0x01, 0xd3, 0x94, 0x01, 0x49, 0x42, 0x01,
    0xe4, 0x10, 0x01, 0xc4, 0x08, 0x01, 0xe4, 0x08, 0x01, 0x05, 0x09, 0x01, 0xe5, 0x08, 0x01, 0xc4,
    0x08, 0x01, 0x0c, 0x53, 0x01, 0x9e, 0xef, 0x01, 0xfb, 0xd6, 0x01, 0x05, 0x11, 0x01, 0x66, 0x19,
    0x01, 0xa8, 0x19, 0x05, 0x88, 0x19, 0x01, 0xc9, 0x21, 0x01, 0xc4, 0x00, 0x01, 0x31, 0x7c, 0x02,
    0xff, 0xff, 0x01, 0xdf, 0xff, 0x01, 0xb6, 0xb5, 0x01, 0xcb, 0x4a, 0x01, 0x05, 0x11, 0x01, 0xc3,
    0x08, 0x01, 0xa6, 0x21, 0x01, 0xc3, 0x08, 0x01, 0x10, 0x7c, 0x01, 0xff, 0xff, 0x01, 0xdf, 0xff,
    0x62, 0xff, 0xff, 0x01, 0xdf, 0xff, 0x01, 0xff, 0xff, 0x01, 0xdb, 0xd6, 0x01, 0xe4, 0x10, 0x02,
    0x87, 0x21, 0x01, 0xc4, 0x08, 0x01, 0x14, 0x9d, 0x04, 0xff, 0xff, 0x01, 0xf0, 0x73, 0x01, 0xc4,
    0x08, 0x01, 0xa7, 0x21, 0x01, 0x25, 0x19, 0x01, 0xa7, 0x29, 0x01, 0xdf, 0xff, 0x01, 0x93, 0x8c,
    0x01, 0xc4, 0x08, 0x01, 0xe4, 0x08, 0x01, 0x14, 0x9d, 0x01, 0xff, 0xff, 0x01, 0xdf, 0xff, 0x0a,
    0xff, 0xff, 0x01, 0xdf, 0xff, 0x03, 0xff, 0xff, 0x01, 0x18, 0xbe, 0x01, 0xcf, 0x73, 0x02, 0x0d,
    0x5b, 0x01, 0x8f, 0x6b, 0x01, 0x38, 0xbe, 0x02, 0xff, 0xff, 0x01, 0xf0, 0x73, 0x01, 0xc4, 0x08,
    0x01, 0xa8, 0x21, 0x05, 0x88, 0x19, 0x01, 0xa8, 0x19, 0x01, 0x88, 0x19, 0x01, 0x05, 0x11, 0x01,
    0x1c, 0xdf, 0x01, 0xdf, 0xff, 0x01, 0xbe, 0xf7, 0x01, 0xdf, 0xff, 0x02, 0xff, 0xff, 0x01, 0xba,
    0xce, 0x01, 0x8e, 0x6b, 0x01, 0x45, 0x19, 0x01, 0x61, 0x00, 0x01, 0x86, 0x29, 0x01, 0xbe, 0xf7,
    0x01, 0xff, 0xff, 0x01, 0xdf, 0xff, 0x61, 0xff, 0xff, 0x01, 0xdf, 0xff, 0x01, 0xff, 0xff, 0x01,
    0xcf, 0x6b, 0x01, 0xa3, 0x08, 0x01, 0xc8, 0x21, 0x01, 0xe5, 0x08, 0x01, 0x2d, 0x5b, 0x01, 0xff,
    0xff, 0x02, 0xde, 0xf7, 0x01, 0xde, 0xff, 0x01, 0xff, 0xff, 0x01, 0xff, 0xf7, 0x01, 0x29, 0x3a,
    0x01, 0x46, 0x11, 0x01, 0xc8, 0x21, 0x01, 0xa3, 0x08, 0x01, 0x76, 0xa5, 0x01, 0x5d, 0xe7, 0x01,
    0x62, 0x00, 0x01, 0xcc, 0x52, 0x01, 0xff, 0xff, 0x01, 0xdf, 0xff, 0x0c, 0xff, 0xff, 0x01, 0xdf,
    0xff, 0x01, 0xde, 0xff, 0x01, 0xbf, 0xff, 0x06, 0xff, 0xff, 0x01, 0xdf, 0xf7, 0x01, 0x3d, 0xdf,
    0x01, 0x66, 0x21, 0x01, 0x67, 0x19, 0x01, 0x87, 0x19, 0x02, 0x88, 0x19, 0x01, 0x87, 0x19, 0x01,
    0xa8, 0x19, 0x01, 0x87, 0x19, 0x01, 0xc8, 0x21, 0x01, 0xc4, 0x00, 0x01, 0x8e, 0x63, 0x01, 0xff,
    0xff, 0x01, 0xdf, 0xf7, 0x01, 0xbe, 0xf7, 0x01, 0xde, 0xff, 0x01, 0xdf, 0xff, 0x03, 0xff, 0xff,
    0x01, 0x1c, 0xdf, 0x01, 0x10, 0x7c, 0x01, 0x18, 0xbe, 0x65, 0xff, 0xff, 0x01, 0xbf, 0xf7, 0x01,
    0x08, 0x32, 0x01, 0x25, 0x11, 0x01, 0xa8, 0x19, 0x01, 0xe5, 0x08, 0x01, 0x96, 0xa5, 0x01, 0xff,
    0xff, 0x01, 0xdf, 0xff, 0x02, 0xff, 0xff, 0x01, 0xde, 0xf7, 0x01, 0xff, 0xff, 0x01, 0x51, 0x84,
    0x01, 0xc4, 0x00, 0x01, 0xe8, 0x21, 0x01, 0xe4, 0x08, 0x01, 0xcc, 0x52, 0x01, 0xff, 0xff, 0x01,
    0x09, 0x3a, 0x01, 0x1c, 0xdf, 0x11, 0xff, 0xff, 0x06, 0xdf, 0xff, 0x01, 0xff, 0xff, 0x01, 0xd7,
    0xb5, 0x01, 0x62, 0x00, 0x01, 0xc8, 0x29, 0x01, 0x67, 0x19, 0x02, 0x87, 0x19, 0x01, 0xa7, 0x19,
    0x01, 0x87, 0x11, 0x02, 0x87, 0x19, 0x01, 0xc4, 0x08, 0x01, 0x9a, 0xce, 0x07, 0xff, 0xff, 0x01,
    0xdf, 0xf7, 0x68, 0xff, 0xff, 0x01, 0xfb, 0xd6, 0x01, 0x04, 0x09, 0x01, 0xa7, 0x19, 0x01, 0xa8,
    0x19, 0x01, 0xe5, 0x08, 0x01, 0x55, 0x9d, 0x01, 0xff, 0xff, 0x01, 0xdf, 0xff, 0x02, 0xff, 0xff,
    0x01, 0xdf, 0xf7, 0x01, 0xff, 0xff, 0x01, 0x51, 0x7c, 0x01, 0xc4, 0x00, 0x01, 0xc8, 0x21, 0x01,
    0x25, 0x11, 0x01, 0x4a, 0x42, 0x01, 0xdf, 0xff, 0x01, 0xbb, 0xd6, 0x01, 0xff, 0xff, 0x01, 0xde,
    0xff, 0x17, 0xff, 0xff, 0x01, 0x9e, 0xef, 0x01, 0x08, 0x3a, 0x01, 0x25, 0x19, 0x01, 0xa8, 0x21,
    0x02, 0x87, 0x19, 0x01, 0xa7, 0x11, 0x01, 0x87, 0x11, 0x01, 0xa7, 0x19, 0x01, 0x05, 0x09, 0x01,
    0xec, 0x52, 0x01, 0xff, 0xff, 0x01, 0xdf, 0xff, 0x08, 0xff, 0xff, 0x01, 0xdf, 0xff, 0x66, 0xff,
    0xff, 0x01, 0xdb, 0xce, 0x01, 0xe4, 0x08, 0x01, 0xa7, 0x19, 0x01, 0xa8, 0x19, 0x01, 0x05, 0x09,
    0x01, 0x4d, 0x63, 0x01, 0xff, 0xff, 0x03, 0xdf, 0xff, 0x02, 0xff, 0xff, 0x01, 0x29, 0x3a, 0x01,
    0x46, 0x11, 0x01, 0xa8, 0x19, 0x01, 0x46, 0x11, 0x01, 0xe9, 0x39, 0x01, 0xbf, 0xff, 0x01, 0xff,
    0xff, 0x01, 0xbe, 0xf7, 0x02, 0xde, 0xff, 0x17, 0xff, 0xff, 0x01, 0xbb, 0xd6, 0x01, 0xe4, 0x10,
    0x01, 0x67, 0x21, 0x02, 0x87, 0x19, 0x02, 0xa7, 0x11, 0x01, 0xc7, 0x21, 0x01, 0xa3, 0x00, 0x01,
    0x51, 0x84, 0x71, 0xff, 0xff, 0x01, 0xdb, 0xce, 0x01, 0x25, 0x09, 0x01, 0xa7, 0x19, 0x01, 0xa8,
    0x19, 0x01, 0x87, 0x19, 0x01, 0xe4, 0x10, 0x01, 0x14, 0x9d, 0x04, 0xff, 0xff, 0x01, 0x10, 0x7c,
    0x01, 0xc3, 0x08, 0x01, 0xa7, 0x19, 0x01, 0xa8, 0x19, 0x01, 0x46, 0x11, 0x01, 0x09, 0x3a, 0x01,
    0xbf, 0xff, 0x01, 0xff, 0xff, 0x03, 0xdf, 0xff, 0x16, 0xff, 0xff, 0x01, 0xdf, 0xff, 0x01, 0xff,
    0xff, 0x01, 0xd3, 0x94, 0x01, 0x62, 0x08, 0x01, 0xa8, 0x21, 0x02, 0x87, 0x11, 0x02, 0xa7, 0x19,
    0x01, 0x66, 0x19, 0x01, 0x46, 0x21, 0x01, 0xb3, 0x94, 0x01, 0x5d, 0xe7, 0x6f, 0xff, 0xff, 0x01,
    0xdb, 0xd6, 0x01, 0xe4, 0x08, 0x01, 0x87, 0x19, 0x01, 0xa7, 0x19, 0x01, 0x87, 0x11, 0x01, 0x66,
    0x11, 0x01, 0xc4, 0x00, 0x01, 0xec, 0x52, 0x01, 0x55, 0xa5, 0x01, 0xb3, 0x94, 0x01, 0x29, 0x3a,
    0x01, 0xc4, 0x08, 0x01, 0x87, 0x19, 0x01, 0x87, 0x11, 0x01, 0xa7, 0x19, 0x01, 0x66, 0x11, 0x01,
    0x08, 0x3a, 0x01, 0xdf, 0xf7, 0x1b, 0xff, 0xff, 0x01, 0xdf, 0xff, 0x01, 0xff, 0xff, 0x01, 0x2c,
    0x63, 0x01, 0xe4, 0x08, 0x01, 0xa7, 0x19, 0x02, 0x87, 0x19, 0x01, 0x87, 0x11, 0x01, 0x87, 0x19,
    0x01, 0x66, 0x11, 0x01, 0xc4, 0x08, 0x01, 0x66, 0x21, 0x01, 0xcf, 0x73, 0x01, 0xba, 0xd6, 0x02,
    0xff, 0xff, 0x02, 0xde, 0xff, 0x69, 0xff, 0xff, 0x01, 0xdb, 0xd6, 0x01, 0xe4, 0x08, 0x01, 0x87,
    0x19, 0x01, 0xa7, 0x19, 0x03, 0x87, 0x19, 0x01, 0x04, 0x11, 0x02, 0xc3, 0x08, 0x01, 0x25, 0x19,
    0x01, 0xa7, 0x21, 0x01, 0x66, 0x19, 0x02, 0xa8, 0x19, 0x01, 0x46, 0x11, 0x01, 0x08, 0x3a, 0x01,
    0xdf, 0xf7, 0x1b, 0xff, 0xff, 0x01, 0xdf, 0xff, 0x01, 0xff, 0xff, 0x01, 0x7d, 0xef, 0x01, 0xc7,
    0x29, 0x01, 0x45, 0x11, 0x01, 0xa7, 0x19, 0x01, 0x67, 0x11, 0x01, 0x87, 0x11, 0x01, 0x88, 0x19,
    0x01, 0x87, 0x19, 0x01, 0xa8, 0x21, 0x01, 0x46, 0x19, 0x01, 0xc4, 0x08, 0x01, 0xe4, 0x10, 0x01,
    0xec, 0x5a, 0x01, 0x18, 0xc6, 0x6b, 0xff, 0xff, 0x01, 0xdb, 0xd6, 0x01, 0xe4, 0x08, 0x01, 0xa7,
    0x19, 0x01, 0x87, 0x11, 0x01, 0xa7, 0x19, 0x01, 0x87, 0x19, 0x03, 0xa7, 0x19, 0x02, 0xa7, 0x21,
    0x01, 0x66, 0x19, 0x01, 0x87, 0x19, 0x01, 0xa8, 0x19, 0x01, 0x87, 0x19, 0x01, 0x46, 0x11, 0x01,
    0x08, 0x3a, 0x01, 0xdf, 0xf7, 0x1b, 0xff, 0xff, 0x02, 0xdf, 0xff, 0x01, 0xff, 0xff, 0x01, 0x18,
    0xbe, 0x01, 0xe4, 0x08, 0x01, 0x87, 0x19, 0x01, 0xa8, 0x19, 0x01, 0x87, 0x11, 0x01, 0x88, 0x11,
    0x01, 0x87, 0x19, 0x01, 0x67, 0x11, 0x01, 0x88, 0x19, 0x01, 0xa8, 0x19, 0x01, 0x88, 0x19, 0x01,
    0xe5, 0x10, 0x01, 0xe4, 0x10, 0x01, 0x6a, 0x42, 0x01, 0x59, 0xc6, 0x69, 0xff, 0xff, 0x01, 0xdb,
    0xd6, 0x01, 0x04, 0x09, 0x01, 0xa7, 0x19, 0x01, 0x87, 0x19, 0x01, 0xa7, 0x19, 0x02, 0x87, 0x19,
    0x01, 0xa7, 0x19, 0x02, 0xa7, 0x11, 0x02, 0x86, 0x19, 0x01, 0x87, 0x19, 0x01, 0x87, 0x11, 0x01,
    0xa8, 0x19, 0x01, 0x46, 0x19, 0x01, 0x08, 0x3a, 0x01, 0xdf, 0xf7, 0x1d, 0xff, 0xff, 0x01, 0xdf,
    0xff, 0x01, 0xff, 0xff, 0x01, 0x31, 0x7c, 0x01, 0xa3, 0x00, 0x01, 0xc8, 0x21, 0x01, 0xa8, 0x19,
    0x03, 0xc9, 0x21, 0x01, 0xa8, 0x19, 0x01, 0x87, 0x19, 0x01, 0x47, 0x11, 0x01, 0x67, 0x19, 0x01,
    0x46, 0x19, 0x01, 0x22, 0x00, 0x01, 0xc8, 0x31, 0x69, 0xff, 0xff, 0x01, 0xdb, 0xd6, 0x01, 0x04,
    0x09, 0x01, 0xa7, 0x19, 0x01, 0xa7, 0x11, 0x01, 0x87, 0x11, 0x02, 0x87, 0x19, 0x03, 0x87, 0x11,
    0x01, 0x87, 0x19, 0x01, 0xa6, 0x19, 0x02, 0x87, 0x19, 0x01, 0x88, 0x19, 0x01, 0x46, 0x19, 0x01,
    0x08, 0x3a, 0x01, 0xdf, 0xf7, 0x1e, 0xff, 0xff, 0x01, 0xdf, 0xff, 0x01, 0xdf, 0xf7, 0x01, 0x8a,
    0x4a, 0x01, 0x83, 0x00, 0x01, 0x05, 0x11, 0x01, 0xe5, 0x08, 0x01, 0xa4, 0x00, 0x01, 0xa3, 0x00,
    0x01, 0xc4, 0x00, 0x01, 0x26, 0x11, 0x01, 0x87, 0x21, 0x01, 0xc8, 0x29, 0x01, 0x09, 0x32, 0x01,
    0xab, 0x52, 0x01, 0xb7, 0xad, 0x69, 0xff, 0xff, 0x01, 0xdb, 0xd6, 0x01, 0x04, 0x09, 0x01, 0xa7,
    0x19, 0x01, 0xa7, 0x11, 0x01, 0x87, 0x11, 0x06, 0x87, 0x19, 0x01, 0xa6, 0x11, 0x02, 0x87, 0x19,
    0x01, 0x88, 0x19, 0x01, 0x26, 0x19, 0x01, 0x08, 0x3a, 0x01, 0xdf, 0xf7, 0x1e, 0xff, 0xff, 0x01,
    0xdf, 0xff, 0x01, 0xff, 0xff, 0x01, 0x5d, 0xe7, 0x01, 0xec, 0x5a, 0x01, 0xec, 0x52, 0x01, 0x11,
    0x7c, 0x01, 0x14, 0x9d, 0x01, 0x76, 0xa5, 0x01, 0xf7, 0xb5, 0x01, 0xbb, 0xce, 0x01, 0x7e, 0xe7,
    0x01, 0xff, 0xf7, 0x6c, 0xff, 0xff, 0x01, 0xdb, 0xd6, 0x01, 0x04, 0x09, 0x01, 0xa7, 0x19, 0x01,
    0xa7, 0x11, 0x02, 0x87, 0x11, 0x02, 0x87, 0x19, 0x02, 0x67, 0x19, 0x01, 0x87, 0x19, 0x01, 0xa6,
    0x11, 0x02, 0x87, 0x19, 0x01, 0x88, 0x21, 0x01, 0x26, 0x19, 0x01, 0x08, 0x3a, 0x01, 0xdf, 0xf7,
    0x1f, 0xff, 0xff, 0x02, 0xdf, 0xff, 0x08, 0xff, 0xff, 0x01, 0xdf, 0xff, 0x01, 0xff, 0xff, 0x02,
    0xde, 0xff, 0x69, 0xff, 0xff, 0x01, 0xdb, 0xd6, 0x01, 0x04, 0x09, 0x01, 0xa7, 0x19, 0x0a, 0x87,
    0x19, 0x01, 0x88, 0x19, 0x01, 0xa8, 0x19, 0x01, 0x46, 0x19, 0x01, 0x08, 0x3a, 0x01, 0xdf, 0xff,
    0x21, 0xff, 0xff, 0x01, 0xdf, 0xff, 0x01, 0xff, 0xff, 0x03, 0xdf, 0xff, 0x70, 0xff, 0xff, 0x01,
    0xdb, 0xd6, 0x01, 0x04, 0x09, 0x01, 0xa7, 0x19, 0x0a, 0x87, 0x19, 0x01, 0x88, 0x11, 0x01, 0xa8,
    0x19, 0x01, 0x46, 0x19, 0x01, 0x08, 0x3a, 0x01, 0xdf, 0xff, 0x96, 0xff, 0xff, 0x01, 0xdb, 0xd6,
    0x01, 0x04, 0x09, 0x01, 0xa7, 0x19, 0x0a, 0x87, 0x19, 0x01, 0x88, 0x11, 0x01, 0xa8, 0x19, 0x01,
    0x46, 0x19, 0x01, 0x08, 0x3a, 0x01, 0xdf, 0xff, 0x96, 0xff, 0xff, 0x01, 0xdb, 0xd6, 0x01, 0x04,
    0x09, 0x01, 0xa7, 0x19, 0x0a, 0x87, 0x19, 0x01, 0x88, 0x11, 0x01, 0xa8, 0x19, 0x01, 0x46, 0x19,
    0x01, 0x08, 0x3a, 0x01, 0xdf, 0xff, 0x96, 0xff, 0xff, 0x01, 0xdb, 0xd6, 0x01, 0x04, 0x09, 0x01,
    0xa7, 0x19, 0x0a, 0x87, 0x19, 0x01, 0x88, 0x11, 0x01, 0xa8, 0x19, 0x01, 0x46, 0x19, 0x01, 0x08,
    0x3a, 0x01, 0xdf, 0xff, 0x96, 0xff, 0xff, 0x01, 0xdb, 0xd6, 0x01, 0x04, 0x09, 0x01, 0xa7, 0x19,
    0x0a, 0x87, 0x19, 0x01, 0x88, 0x11, 0x01, 0xa8, 0x19, 0x01, 0x46, 0x19, 0x01, 0x08, 0x3a, 0x01,
    0xdf, 0xff, 0x96, 0xff, 0xff, 0x01, 0xdb, 0xd6, 0x01, 0x04, 0x09, 0x01, 0xa7, 0x19, 0x0a, 0x87,
    0x19, 0x01, 0x88, 0x11, 0x01, 0xa8, 0x19, 0x01, 0x46, 0x19, 0x01, 0x08, 0x3a, 0x01, 0xdf, 0xff,
    0x96, 0xff, 0xff, 0x01, 0xdb, 0xd6, 0x01, 0x04, 0x09, 0x01, 0xa7, 0x19, 0x0a, 0x87, 0x19, 0x01,
    0x88, 0x11, 0x01, 0xa8, 0x19, 0x01, 0x46, 0x19, 0x01, 0x09, 0x3a, 0x01, 0xdf, 0xff, 0x96, 0xff,
    0xff, 0x01, 0xdb, 0xd6, 0x01, 0x04, 0x09, 0x01, 0xa7, 0x19, 0x0a, 0x87, 0x19, 0x01, 0x88, 0x19,
    0x01, 0xa8, 0x19, 0x01, 0x46, 0x19, 0x01, 0x09, 0x3a, 0x01, 0xdf, 0xf7, 0x96, 0xff, 0xff, 0x01,
    0xdb, 0xd6, 0x01, 0x04, 0x09, 0x01, 0xa7, 0x19, 0x0a, 0x87, 0x19, 0x01, 0x88, 0x19, 0x01, 0xa8,
    0x19, 0x01, 0x46, 0x19, 0x01, 0x09, 0x3a, 0x01, 0xdf, 0xf7, 0x96, 0xff, 0xff, 0x01, 0xdb, 0xd6,
    0x01, 0x04, 0x09, 0x01, 0xa7, 0x19, 0x0a, 0x87, 0x19, 0x01, 0x88, 0x19, 0x01, 0xa8, 0x19, 0x01,
    0x46, 0x19, 0x01, 0x09, 0x3a, 0x01, 0xdf, 0xf7, 0x96, 0xff, 0xff, 0x01, 0xdb, 0xd6, 0x01, 0x04,
    0x09, 0x01, 0xa7, 0x19, 0x0a, 0x87, 0x19, 0x01, 0x88, 0x19, 0x01, 0xa8, 0x19, 0x01, 0x46, 0x19,
    0x01, 0x09, 0x3a, 0x01, 0xdf, 0xf7, 0x96, 0xff, 0xff, 0x01, 0xdb, 0xd6, 0x01, 0x04, 0x09, 0x01,
    0xa7, 0x19, 0x0a, 0x87, 0x19, 0x01, 0x88, 0x19, 0x01, 0xa8, 0x19, 0x01, 0x46, 0x19, 0x01, 0x09,
    0x3a, 0x01, 0xdf, 0xf7, 0x96, 0xff, 0xff, 0x01, 0xdb, 0xd6, 0x01, 0x04, 0x09, 0x01, 0xa7, 0x19,
    0x0a, 0x87, 0x19, 0x01, 0x88, 0x19, 0x01, 0xa8, 0x19, 0x01, 0x46, 0x19, 0x01, 0x09, 0x3a, 0x01,
    0xdf, 0xf7, 0x96, 0xff, 0xff, 0x01, 0xdb, 0xd6, 0x01, 0x04, 0x09, 0x01, 0xa7, 0x19, 0x0a, 0x87,
    0x19, 0x01, 0x88, 0x19, 0x01, 0xa8, 0x19, 0x01, 0x46, 0x19, 0x01, 0x09, 0x3a, 0x01, 0xdf, 0xf7,
    0x8b, 0xff, 0xff, 0x03, 0xdf, 0xff, 0x03, 0xff, 0xff, 0x03, 0xdf, 0xff, 0x01, 0xde, 0xff, 0x01,
    0xff, 0xff, 0x01, 0xbb, 0xce, 0x01, 0x05, 0x09, 0x01, 0x88, 0x19, 0x01, 0x87, 0x11, 0x09, 0x87,
    0x19, 0x01, 0x88, 0x11, 0x01, 0x88, 0x19, 0x01, 0x46, 0x11, 0x01, 0x08, 0x3a, 0x01, 0xbe, 0xf7,
    0x0b, 0xdf, 0xff, 0x80, 0xff, 0xff, 0x01, 0xdf, 0xff, 0x02, 0xbf, 0xf7, 0x08, 0xff, 0xff, 0x01,
    0x3c, 0xdf, 0x01, 0xe5, 0x08, 0x01, 0xa8, 0x19, 0x01, 0x87, 0x11, 0x09, 0x87, 0x19, 0x01, 0x88,
    0x11, 0x01, 0xa8, 0x19, 0x01, 0x46, 0x19, 0x01, 0x29, 0x3a, 0x09, 0xff, 0xff, 0x01, 0x9e, 0xf7,
    0x03, 0xdf, 0xff, 0x7f, 0xff, 0xff, 0x01, 0xdf, 0xff, 0x01, 0xbf, 0xf7, 0x01, 0xff, 0xff, 0x01,
    0xdb, 0xd6, 0x02, 0x96, 0xad, 0x01, 0xb7, 0xad, 0x03, 0x96, 0xad, 0x01, 0xb6, 0xb5, 0x01, 0x14,
    0x95, 0x01, 0x46, 0x11, 0x01, 0x88, 0x19, 0x01, 0x87, 0x11, 0x0a, 0x87, 0x19, 0x01, 0x88, 0x19,
    0x01, 0x67, 0x19, 0x01, 0xc8, 0x29, 0x02, 0xb7, 0xad, 0x03, 0xb6, 0xad, 0x01, 0xb7, 0xb5, 0x01,
    0x76, 0xa5, 0x01, 0xd7, 0xb5, 0x01, 0x3d, 0xe7, 0x01, 0xff, 0xff, 0x01, 0xdf, 0xff, 0x01, 0xdf,
    0xf7, 0x7f, 0xff, 0xff, 0x01, 0xdf, 0xff, 0x01, 0xbf, 0xf7, 0x01, 0xbe, 0xf7, 0x01, 0x0d, 0x5b,
    0x01, 0xc4, 0x08, 0x02, 0xe4, 0x10, 0x01, 0xc4, 0x10, 0x01, 0xc4, 0x08, 0x03, 0xc3, 0x08, 0x01,
    0x05, 0x11, 0x01, 0x66, 0x19, 0x01, 0x67, 0x11, 0x0b, 0x87, 0x19, 0x01, 0x88, 0x19, 0x01, 0x87,
    0x19, 0x01, 0x46, 0x19, 0x01, 0xe4, 0x10, 0x05, 0xc4, 0x08, 0x01, 0xe4, 0x08, 0x02, 0xe4, 0x10,
    0x01, 0x52, 0x84, 0x01, 0xff, 0xff, 0x01, 0xdf, 0xff, 0x7f, 0xff, 0xff, 0x01, 0xdf, 0xff, 0x01,
    0xff, 0xff, 0x01, 0x2d, 0x5b, 0x01, 0x62, 0x00, 0x01, 0x87, 0x21, 0x08, 0xa7, 0x21, 0x0f, 0x87,
    0x19, 0x01, 0x87, 0x21, 0x01, 0xa7, 0x21, 0x07, 0xa8, 0x21, 0x01, 0x87, 0x19, 0x01, 0x62, 0x00,
    0x01, 0xd3, 0x94, 0x01, 0xff, 0xff, 0x01, 0xdf, 0xff, 0x7f, 0xff, 0xff, 0x01, 0x79, 0xce, 0x01,
    0xc3, 0x08, 0x01, 0xa8, 0x21, 0x01, 0x88, 0x19, 0x19, 0x87, 0x19, 0x07, 0x88, 0x19, 0x01, 0xa8,
    0x21, 0x01, 0x67, 0x19, 0x01, 0x66, 0x21, 0x01, 0x9e, 0xef, 0x7e, 0xff, 0xff, 0x01, 0xdf, 0xff,
    0x01, 0xff, 0xff, 0x01, 0x75, 0xad, 0x01, 0x83, 0x00, 0x01, 0xc8, 0x21, 0x01, 0x88, 0x11, 0x01,
    0x88, 0x19, 0x02, 0x87, 0x19, 0x01, 0x87, 0x11, 0x02, 0x88, 0x11, 0x01, 0x87, 0x11, 0x11, 0x87,
    0x19, 0x0a, 0x88, 0x19, 0x01, 0x25, 0x11, 0x01, 0x9a, 0xce, 0x7e, 0xff, 0xff, 0x01, 0xdf, 0xff,
    0x01, 0xff, 0xff, 0x01, 0x76, 0xad, 0x01, 0xa3, 0x00, 0x01, 0xc9, 0x21, 0x02, 0x88, 0x11, 0x02,
    0x87, 0x19, 0x03, 0x88, 0x19, 0x11, 0x87, 0x19, 0x0a, 0x88, 0x19, 0x01, 0x87, 0x19, 0x01, 0x05,
    0x11, 0x01, 0x79, 0xc6, 0x7e, 0xff, 0xff, 0x01, 0xdf, 0xff, 0x01, 0xff, 0xff, 0x01, 0x76, 0xa5,
    0x01, 0x83, 0x00, 0x01, 0xa9, 0x21, 0x02, 0x88, 0x19, 0x15, 0x87, 0x19, 0x03, 0x88, 0x19, 0x09,
    0x87, 0x19, 0x01, 0x05, 0x11, 0x01, 0x7a, 0xce, 0x7e, 0xff, 0xff, 0x01, 0xdf, 0xff, 0x01, 0xff,
    0xff, 0x01, 0x75, 0xa5, 0x01, 0x83, 0x00, 0x01, 0xa8, 0x21, 0x01, 0x88, 0x19, 0x16, 0x87, 0x19,
    0x04, 0x88, 0x19, 0x08, 0x87, 0x19, 0x01, 0x05, 0x11, 0x01, 0x7a, 0xce, 0x7e, 0xff, 0xff, 0x01,
    0xdf, 0xff, 0x01, 0xff, 0xff, 0x01, 0x76, 0xad, 0x01, 0xa3, 0x08, 0x01, 0xe8, 0x29, 0x01, 0xa8,
    0x21, 0x01, 0xa8, 0x19, 0x02, 0xa7, 0x21, 0x16, 0xa8, 0x19, 0x06, 0xa8, 0x21, 0x02, 0xa8, 0x19,
    0x01, 0xa8, 0x21, 0x01, 0x25, 0x19, 0x01, 0x7a, 0xc6, 0x7e, 0xff, 0xff, 0x01, 0xdf, 0xff, 0x01,
    0xff, 0xff, 0x01, 0x55, 0xa5, 0x01, 0x00, 0x00, 0x01, 0x25, 0x11, 0x01, 0xe4, 0x08, 0x03, 0x04,
    0x09, 0x1a, 0x05, 0x09, 0x04, 0xe5, 0x08, 0x01, 0xe4, 0x08, 0x01, 0x83, 0x00, 0x01, 0x79, 0xc6,
    0x78, 0xff, 0xff, 0x01, 0xdf, 0xff, 0x01, 0xbf, 0xf7, 0x01, 0xdf, 0xf7, 0x03, 0xdf, 0xff, 0x01,
    0xbf, 0xf7, 0x01, 0xdf, 0xff, 0x01, 0x18, 0xbe, 0x01, 0x6a, 0x4a, 0x01, 0x4d, 0x5b, 0x20, 0x2d,
    0x53, 0x03, 0x0d, 0x53, 0x01, 0xcb, 0x52, 0x01, 0xdb, 0xd6, 0x01, 0xff, 0xff, 0x03, 0xdf, 0xf7,
    0x04, 0xdf, 0xff, 0xff, 0xff, 0xff, 0x19, 0xff, 0xff, 0x01, 0x5d, 0xe7, 0x01, 0xd7, 0xb5, 0x01,
    0xd7, 0xbd, 0x02, 0xf7, 0xbd, 0x03, 0xd7, 0xbd, 0x01, 0xd7, 0xb5, 0x05, 0xd7, 0xad, 0x10, 0xd7,
    0xb5, 0x03, 0xd6, 0xb5, 0x03, 0xd7, 0xb5, 0x01, 0xb7, 0xb5, 0x04, 0xd7, 0xb5, 0x03, 0xd6, 0xb5,
    0x01, 0xd7, 0xb5, 0x02, 0xd7, 0xad, 0x01, 0xd7, 0xb5, 0x02, 0xf7, 0xb5, 0x03, 0xf7, 0xbd, 0x01,
    0xd7, 0xbd, 0x01, 0xf7, 0xbd, 0x01, 0x9e, 0xf7, 0x6d, 0xff, 0xff, 0x01, 0xdf, 0xf7, 0x01, 0xff,
    0xff, 0x01, 0x76, 0xa5, 0x01, 0x26, 0x19, 0x01, 0xc4, 0x10, 0x01, 0xa4, 0x08, 0x0c, 0xc4, 0x08,
    0x07, 0xc3, 0x08, 0x08, 0xc4, 0x08, 0x02, 0xc3, 0x08, 0x01, 0xc4, 0x08, 0x01, 0xc3, 0x08, 0x02,
    0xc4, 0x08, 0x01, 0xa4, 0x08, 0x01, 0xc4, 0x08, 0x06, 0xc3, 0x08, 0x08, 0xc4, 0x08, 0x01, 0xc4,
    0x10, 0x02, 0xa4, 0x10, 0x01, 0x87, 0x29, 0x01, 0x7a, 0xc6, 0x01, 0xff, 0xff, 0x01, 0xbe, 0xf7,
    0x69, 0xff, 0xff, 0x01, 0xdf, 0xff, 0x01, 0xff, 0xff, 0x01, 0x1c, 0xdf, 0x01, 0xe4, 0x10, 0x01,
    0x26, 0x11, 0x01, 0x88, 0x21, 0x01, 0x87, 0x21, 0x0c, 0xa8, 0x21, 0x1d, 0xa7, 0x21, 0x08, 0xa8,
    0x21, 0x02, 0x88, 0x21, 0x01, 0xa8, 0x21, 0x01, 0xc4, 0x08, 0x01, 0x08, 0x32, 0x01, 0xbe, 0xf7,
    0x01, 0xdf, 0xff, 0x69, 0xff, 0xff, 0x01, 0xde, 0xff, 0x01, 0xff, 0xff, 0x01, 0x39, 0xbe, 0x01,
    0xa3, 0x08, 0x01, 0x87, 0x19, 0x01, 0x67, 0x19, 0x36, 0x87, 0x19, 0x01, 0x45, 0x19, 0x01, 0xfc,
    0xde, 0x6a, 0xff, 0xff, 0x01, 0xde, 0xff, 0x01, 0xff, 0xff, 0x01, 0x39, 0xbe, 0x01, 0xe4, 0x10,
    0x01, 0xa8, 0x21, 0x01, 0x87, 0x19, 0x01, 0x67, 0x11, 0x31, 0x87, 0x19, 0x02, 0xa7, 0x19, 0x01,
    0x87, 0x19, 0x01, 0x86, 0x19, 0x01, 0x46, 0x19, 0x01, 0x1c, 0xdf, 0x6c, 0xff, 0xff, 0x01, 0x59,
    0xc6, 0x01, 0xe4, 0x08, 0x01, 0xa7, 0x19, 0x04, 0x87, 0x19, 0x01, 0x87, 0x11, 0x01, 0xa7, 0x11,
    0x2d, 0x87, 0x19, 0x02, 0xa7, 0x11, 0x01, 0xa7, 0x19, 0x01, 0x66, 0x19, 0x01, 0x25, 0x19, 0x01,
    0x1c, 0xdf, 0x6c, 0xff, 0xff, 0x01, 0x39, 0xbe, 0x01, 0xe4, 0x08, 0x01, 0xa7, 0x19, 0x36, 0x87,
    0x19, 0x01, 0x66, 0x19, 0x01, 0x25, 0x19, 0x01, 0x1c, 0xdf, 0x6c, 0xff, 0xff, 0x01, 0x59, 0xbe,
    0x01, 0x05, 0x11, 0x01, 0xc8, 0x21, 0x03, 0xa8, 0x21, 0x03, 0xc8, 0x19, 0x01, 0xc8, 0x21, 0x06,
    0xa8, 0x21, 0x01, 0xc8, 0x21, 0x1d, 0xc7, 0x21, 0x01, 0xc8, 0x21, 0x09, 0xa8, 0x21, 0x01, 0xc8,
    0x21, 0x01, 0xa7, 0x21, 0x01, 0x46, 0x21, 0x01, 0x1c, 0xdf, 0x6a, 0xff, 0xff, 0x01, 0xdf, 0xff,
    0x01, 0xff, 0xff, 0x01, 0x18, 0xbe, 0x01, 0x21, 0x00, 0x01, 0xc4, 0x08, 0x07, 0xa3, 0x00, 0x06,
    0xa4, 0x00, 0x29, 0xa3, 0x00, 0x01, 0x83, 0x00, 0x01, 0x82, 0x08, 0x01, 0xfb, 0xde, 0x6a, 0xff,
    0xff, 0x01, 0xdf, 0xff, 0x01, 0xff, 0xff, 0x01, 0xfb, 0xe6, 0x01, 0x51, 0x84, 0x08, 0x71, 0x84,
    0x25, 0x72, 0x84, 0x0a, 0x71, 0x84, 0x01, 0x51, 0x84, 0x01, 0x71, 0x8c, 0x01, 0x3d, 0xe7, 0x01,
    0xff, 0xff, 0x01, 0xdf, 0xff, 0x68, 0xff, 0xff, 0x02, 0xdf, 0xff, 0x3c, 0xff, 0xff, 0x02, 0xdf,
    0xff, 0x68, 0xff, 0xff, 0x05, 0xdf, 0xff, 0x03, 0xde, 0xff, 0x29, 0xde, 0xf7, 0x07, 0xde, 0xff,
    0x01, 0xde, 0xf7, 0x01, 0xde, 0xff, 0x01, 0xdf, 0xff, 0x02, 0xde, 0xff, 0xff, 0xff, 0xff, 0xff,
    0xff, 0xff, 0xff, 0xff, 0xff, 0xff, 0xff, 0xff, 0xff, 0xff, 0xff, 0xff, 0xff, 0xff, 0xff, 0xff,
    0xff, 0xff, 0xff, 0xff, 0xff, 0xff, 0xff, 0xff, 0xff, 0xff, 0xff, 0xff, 0xff, 0xff, 0xff, 0xff,
    0xff, 0xff, 0xff, 0xff, 0xff, 0xff, 0xff, 0xff, 0xff, 0xff, 0xff, 0xff, 0xff, 0xff, 0xff, 0x98,
    0xff, 0xff, 0x01, 0xdf, 0xff, 0x01, 0xff, 0xff, 0x01, 0xdf, 0xff, 0x01, 0xff, 0xff, 0x02, 0xdf,
    0xff, 0x02, 0xff, 0xff, 0x01, 0xdf, 0xff, 0x01, 0xbe, 0xf7, 0x02, 0xff, 0xff, 0x01, 0xdf, 0xff,
    0x01, 0xbf, 0xff, 0x03, 0xdf, 0xff, 0x03, 0xff, 0xff, 0x02, 0xdf, 0xf7, 0x01, 0xdf, 0xff, 0x03,
    0xff, 0xff, 0x02, 0xdf, 0xff, 0x02, 0xff, 0xff, 0x01, 0xbe, 0xf7, 0x03, 0xdf, 0xff, 0x03, 0xff,
    0xff, 0x02, 0xdf, 0xff, 0x01, 0xff, 0xff, 0x06, 0xdf, 0xff, 0x01, 0xff, 0xff, 0x04, 0xdf, 0xff,
    0x01, 0xff, 0xff, 0x04, 0xdf, 0xff, 0x01, 0xff, 0xff, 0x04, 0xdf, 0xff, 0x02, 0xff, 0xff, 0x02,
    0xdf, 0xff, 0x68, 0xff, 0xff, 0x02, 0xdf, 0xf7, 0x01, 0xdf, 0xff, 0x02, 0xff, 0xff, 0x01, 0xdf,
    0xff, 0x01, 0xff, 0xff, 0x01, 0xdf, 0xf7, 0x09, 0xff, 0xff, 0x01, 0xdf, 0xff, 0x05, 0xff, 0xff,
    0x01, 0xdf, 0xf7, 0x04, 0xff, 0xff, 0x01, 0xde, 0xff, 0x03, 0xff, 0xff, 0x01, 0xdf, 0xff, 0x05,
    0xff, 0xff, 0x01, 0xbf, 0xff, 0x09, 0xff, 0xff, 0x03, 0xdf, 0xff, 0x04, 0xff, 0xff, 0x02, 0xdf,
    0xff, 0x02, 0xff, 0xff, 0x01, 0x9e, 0xf7, 0x02, 0xdf, 0xff, 0x02, 0xff, 0xff, 0x01, 0xdf, 0xf7,
    0x63, 0xff, 0xff, 0x01, 0xdf, 0xff, 0x01, 0xff, 0xff, 0x01, 0xba, 0xd6, 0x01, 0xf3, 0x9c, 0x01,
    0xbe, 0xf7, 0x01, 0xdf, 0xf7, 0x01, 0xff, 0xff, 0x01, 0x18, 0xc6, 0x01, 0x75, 0xad, 0x01, 0xff,
    0xff, 0x01, 0xdf, 0xf7, 0x01, 0xff, 0xff, 0x01, 0x14, 0x9d, 0x01, 0x1c, 0xdf, 0x01, 0x79, 0xce,
    0x01, 0x14, 0xa5, 0x01, 0x75, 0xad, 0x01, 0x96, 0xb5, 0x01, 0x35, 0xad, 0x01, 0x55, 0xad, 0x01,
    0xdb, 0xde, 0x01, 0xff, 0xff, 0x01, 0x5c, 0xe7, 0x01, 0x13, 0x9d, 0x01, 0x30, 0x7c, 0x01, 0x55,
    0xa5, 0x01, 0x9e, 0xef, 0x02, 0xff, 0xff, 0x01, 0x59, 0xce, 0x01, 0x96, 0xad, 0x01, 0x7d, 0xef,
    0x01, 0xff, 0xff, 0x01, 0x9e, 0xf7, 0x01, 0x96, 0xb5, 0x01, 0xd7, 0xbd, 0x03, 0xff, 0xff, 0x01,
    0xfb, 0xde, 0x01, 0x92, 0x94, 0x01, 0x7d, 0xef, 0x01, 0xff, 0xff, 0x01, 0xf8, 0xbd, 0x01, 0x14,
    0xa5, 0x01, 0x96, 0xad, 0x01, 0xd7, 0xb5, 0x01, 0x55, 0xad, 0x01, 0xf3, 0x9c, 0x01, 0x3c, 0xe7,
    0x01, 0x18, 0xc6, 0x01, 0xb7, 0xb5, 0x01, 0xff, 0xff, 0x01, 0xdf, 0xff, 0x01, 0x9e, 0xf7, 0x01,
    0x34, 0xa5, 0x01, 0x30, 0x84, 0x01, 0xf4, 0x9c, 0x01, 0x3d, 0xe7, 0x02, 0xff, 0xff, 0x01, 0x9a,
    0xd6, 0x01, 0x34, 0xa5, 0x01, 0xff, 0xff, 0x01, 0xbf, 0xf7, 0x01, 0xff, 0xff, 0x01, 0x34, 0xa5,
    0x01, 0xdb, 0xde, 0x63, 0xff, 0xff, 0x03, 0xdf, 0xff, 0x01, 0x29, 0x42, 0x01, 0x00, 0x00, 0x01,
    0xf3, 0x9c, 0x02, 0xff, 0xff, 0x01, 0xaa, 0x52, 0x01, 0xe4, 0x18, 0x01, 0xff, 0xff, 0x01, 0xbf,
    0xf7, 0x01, 0xbe, 0xf7, 0x01, 0x00, 0x00, 0x01, 0xb2, 0x8c, 0x01, 0xf3, 0x9c, 0x01, 0x45, 0x29,
    0x01, 0x25, 0x21, 0x01, 0x41, 0x08, 0x01, 0x86, 0x31, 0x01, 0x65, 0x29, 0x01, 0x75, 0xad, 0x01,
    0x9a, 0xce, 0x01, 0xc2, 0x10, 0x01, 0x65, 0x29, 0x01, 0x69, 0x4a, 0x01, 0xa2, 0x10, 0x01, 0xa7,
    0x31, 0x01, 0x5d, 0xe7, 0x01, 0xff, 0xff, 0x01, 0xc7, 0x31, 0x01, 0x00, 0x00, 0x01, 0x10, 0x7c,
    0x01, 0xff, 0xff, 0x01, 0x14, 0x9d, 0x01, 0x00, 0x00, 0x01, 0x04, 0x19, 0x01, 0x3d, 0xe7, 0x02,
    0xff, 0xff, 0x01, 0xcb, 0x52, 0x01, 0x00, 0x00, 0x01, 0x92, 0x8c, 0x01, 0xff, 0xff, 0x01, 0x6e,
    0x6b, 0x01, 0x86, 0x29, 0x01, 0x25, 0x21, 0x01, 0x41, 0x00, 0x01, 0xa6, 0x31, 0x01, 0x45, 0x29,
    0x01, 0x59, 0xc6, 0x01, 0x49, 0x42, 0x01, 0x66, 0x29, 0x01, 0xff, 0xff, 0x01, 0x1c, 0xe7, 0x01,
    0x86, 0x29, 0x01, 0x82, 0x10, 0x01, 0x8a, 0x52, 0x02, 0x04, 0x21, 0x01, 0x7a, 0xce, 0x01, 0xff,
    0xff, 0x01, 0x8e, 0x6b, 0x01, 0x00, 0x00, 0x01, 0x96, 0xad, 0x01, 0xff, 0xff, 0x01, 0xdf, 0xf7,
    0x01, 0xc3, 0x18, 0x01, 0x51, 0x8c, 0x01, 0xff, 0xff, 0x01, 0xbf, 0xff, 0x61, 0xff, 0xff, 0x01,
    0xdf, 0xf7, 0x01, 0xff, 0xff, 0x01, 0x59, 0xc6, 0x01, 0x25, 0x21, 0x01, 0xec, 0x5a, 0x01, 0x86,
    0x29, 0x01, 0xdf, 0xf7, 0x01, 0xff, 0xff, 0x01, 0x0c, 0x5b, 0x01, 0x66, 0x29, 0x02, 0xff, 0xff,
    0x01, 0xbe, 0xf7, 0x01, 0x82, 0x08, 0x01, 0x92, 0x8c, 0x02, 0xff, 0xff, 0x01, 0xd7, 0xbd, 0x01,
    0x21, 0x00, 0x01, 0x3d, 0xe7, 0x02, 0xff, 0xff, 0x01, 0xa6, 0x31, 0x01, 0xe7, 0x39, 0x02, 0xff,
    0xff, 0x01, 0xfc, 0xde, 0x01, 0x41, 0x08, 0x01, 0xae, 0x73, 0x01, 0xff, 0xff, 0x01, 0xe7, 0x31,
    0x01, 0x45, 0x21, 0x01, 0x6a, 0x4a, 0x01, 0xff, 0xff, 0x01, 0x6d, 0x6b, 0x01, 0x45, 0x21, 0x01,
    0x86, 0x29, 0x01, 0xdb, 0xd6, 0x01, 0xff, 0xff, 0x01, 0x9a, 0xce, 0x01, 0xe4, 0x18, 0x01, 0xeb,
    0x52, 0x01, 0x66, 0x29, 0x01, 0xbf, 0xf7, 0x02, 0xff, 0xff, 0x01, 0x34, 0xa5, 0x01, 0xa3, 0x10,
    0x01, 0xbf, 0xf7, 0x02, 0xff, 0xff, 0x01, 0x49, 0x4a, 0x01, 0xe8, 0x39, 0x01, 0xff, 0xff, 0x01,
    0xec, 0x5a, 0x01, 0x82, 0x10, 0x01, 0x5d, 0xef, 0x01, 0xff, 0xff, 0x01, 0xbe, 0xf7, 0x01, 0x66,
    0x29, 0x01, 0x08, 0x3a, 0x01, 0xff, 0xff, 0x01, 0x6e, 0x6b, 0x01, 0xa2, 0x08, 0x01, 0x45, 0x21,
    0x01, 0x7d, 0xe7, 0x01, 0xff, 0xff, 0x01, 0x25, 0x21, 0x01, 0xb3, 0x94, 0x01, 0xff, 0xff, 0x01,
    0xdf, 0xff, 0x61, 0xff, 0xff, 0x01, 0xdf, 0xf7, 0x01, 0xff, 0xff, 0x01, 0x4d, 0x63, 0x01, 0x49,
    0x42, 0x01, 0x1c, 0xdf, 0x01, 0x00, 0x00, 0x01, 0x18, 0xbe, 0x01, 0xff, 0xff, 0x01, 0xec, 0x5a,
    0x01, 0x86, 0x29, 0x02, 0xff, 0xff, 0x01, 0xbe, 0xf7, 0x01, 0x62, 0x08, 0x01, 0x92, 0x8c, 0x02,
    0xff, 0xff, 0x01, 0xb7, 0xb5, 0x01, 0x00, 0x00, 0x01, 0xfc, 0xde, 0x01, 0xff, 0xff, 0x01, 0x3c,
    0xe7, 0x01, 0x41, 0x00, 0x01, 0x75, 0xa5, 0x01, 0xff, 0xff, 0x01, 0x9e, 0xef, 0x01, 0xff, 0xff,
    0x01, 0x4d, 0x63, 0x01, 0x04, 0x19, 0x01, 0xff, 0xf7, 0x01, 0x66, 0x29, 0x01, 0xcf, 0x73, 0x01,
    0x86, 0x29, 0x01, 0x1c, 0xdf, 0x01, 0xc7, 0x31, 0x01, 0xf0, 0x7b, 0x01, 0x45, 0x21, 0x01, 0xfb,
    0xde, 0x01, 0xff, 0xff, 0x01, 0x8e, 0x6b, 0x01, 0xc7, 0x31, 0x01, 0x1c, 0xdf, 0x01, 0x21, 0x00,
    0x01, 0xb7, 0xb5, 0x02, 0xff, 0xff, 0x01, 0xd3, 0x94, 0x01, 0x61, 0x00, 0x01, 0x7d, 0xef, 0x02,
    0xff, 0xff, 0x01, 0x49, 0x4a, 0x01, 0xe8, 0x39, 0x01, 0xff, 0xff, 0x01, 0xc3, 0x10, 0x01, 0x8e,
    0x6b, 0x01, 0xff, 0xff, 0x01, 0x7e, 0xef, 0x01, 0xff, 0xff, 0x01, 0xf4, 0x9c, 0x01, 0x00, 0x00,
    0x01, 0x9e, 0xf7, 0x01, 0x4d, 0x63, 0x01, 0xaa, 0x4a, 0x01, 0x08, 0x3a, 0x01, 0xcb, 0x52, 0x01,
    0xff, 0xff, 0x01, 0x04, 0x19, 0x01, 0x92, 0x8c, 0x01, 0xff, 0xff, 0x01, 0xdf, 0xff, 0x62, 0xff,
    0xff, 0x01, 0x9e, 0xef, 0x01, 0xa3, 0x10, 0x01, 0xb3, 0x94, 0x01, 0x9e, 0xf7, 0x01, 0x86, 0x29,
    0x01, 0xcb, 0x52, 0x01, 0xff, 0xff, 0x01, 0x0c, 0x5b, 0x01, 0x86, 0x29, 0x01, 0xff, 0xff, 0x01,
    0xdf, 0xff, 0x01, 0xbf, 0xf7, 0x01, 0x82, 0x08, 0x01, 0x92, 0x8c, 0x02, 0xff, 0xff, 0x01, 0xb7,
    0xbd, 0x01, 0x00, 0x00, 0x01, 0x1c, 0xdf, 0x01, 0xff, 0xff, 0x01, 0x3c, 0xe7, 0x01, 0x20, 0x00,
    0x01, 0x75, 0xad, 0x01, 0xdf, 0xff, 0x01, 0xbe, 0xef, 0x01, 0xff, 0xff, 0x01, 0x10, 0x7c, 0x01,
    0xa3, 0x08, 0x01, 0xff, 0xf7, 0x01, 0x25, 0x21, 0x01, 0x35, 0x9d, 0x01, 0xe8, 0x39, 0x01, 0x35,
    0x9d, 0x01, 0xa7, 0x31, 0x01, 0x96, 0xad, 0x01, 0xe3, 0x18, 0x01, 0x3c, 0xe7, 0x01, 0xdf, 0xf7,
    0x01, 0xe4, 0x18, 0x01, 0x10, 0x7c, 0x01, 0xdf, 0xf7, 0x01, 0x29, 0x42, 0x01, 0xab, 0x52, 0x02,
    0xff, 0xff, 0x01, 0xf4, 0x9c, 0x01, 0x41, 0x00, 0x01, 0x7d, 0xef, 0x02, 0xff, 0xff, 0x01, 0x49,
    0x42, 0x01, 0xe8, 0x39, 0x01, 0xff, 0xff, 0x01, 0xc4, 0x10, 0x01, 0x10, 0x7c, 0x01, 0xdf, 0xff,
    0x01, 0x9e, 0xef, 0x01, 0xff, 0xff, 0x01, 0x96, 0xad, 0x01, 0x00, 0x00, 0x01, 0x9e, 0xef, 0x01,
    0x2d, 0x63, 0x01, 0x8a, 0x4a, 0x01, 0x79, 0xc6, 0x01, 0x00, 0x00, 0x01, 0xf8, 0xb5, 0x01, 0xc7,
    0x31, 0x01, 0x92, 0x8c, 0x01, 0xff, 0xff, 0x01, 0xdf, 0xff, 0x60, 0xff, 0xff, 0x01, 0xdf, 0xf7,
    0x01, 0xff, 0xff, 0x01, 0x35, 0xa5, 0x01, 0x21, 0x00, 0x01, 0xa7, 0x29, 0x01, 0x86, 0x29, 0x01,
    0x25, 0x21, 0x01, 0x04, 0x19, 0x01, 0xff, 0xff, 0x01, 0x2d, 0x63, 0x01, 0x25, 0x21, 0x02, 0xff,
    0xff, 0x01, 0xdf, 0xf7, 0x01, 0x62, 0x08, 0x01, 0x92, 0x8c, 0x02, 0xff, 0xff, 0x01, 0xb7, 0xbd,
    0x01, 0x00, 0x00, 0x01, 0x1c, 0xdf, 0x01, 0xff, 0xff, 0x01, 0x7e, 0xef, 0x01, 0x82, 0x08, 0x01,
    0x0f, 0x7c, 0x03, 0xff, 0xff, 0x01, 0xe7, 0x31, 0x01, 0x29, 0x42, 0x01, 0xff, 0xff, 0x01, 0x24,
    0x19, 0x01, 0x14, 0x9d, 0x01, 0x0c, 0x5b, 0x01, 0x05, 0x19, 0x01, 0x29, 0x42, 0x01, 0xb6, 0xad,
    0x01, 0xc3, 0x10, 0x01, 0xbe, 0xf7, 0x01, 0xd7, 0xb5, 0x01, 0x21, 0x00, 0x01, 0x87, 0x29, 0x01,
    0xa7, 0x31, 0x01, 0x66, 0x21, 0x01, 0xa3, 0x10, 0x01, 0x1c, 0xe7, 0x01, 0xff, 0xff, 0x01, 0xf4,
    0x9c, 0x01, 0x62, 0x00, 0x01, 0x7e, 0xef, 0x02, 0xff, 0xff, 0x01, 0x6a, 0x4a, 0x01, 0xe8, 0x39,
    0x01, 0xff, 0xff, 0x01, 0x66, 0x29, 0x01, 0x6a, 0x4a, 0x03, 0xff, 0xff, 0x01, 0x6e, 0x6b, 0x01,
    0xa3, 0x10, 0x01, 0xdf, 0xff, 0x01, 0x2d, 0x63, 0x01, 0x08, 0x3a, 0x01, 0xff, 0xff, 0x01, 0x8e,
    0x6b, 0x01, 0x66, 0x21, 0x01, 0x65, 0x21, 0x01, 0xd3, 0x94, 0x01, 0xff, 0xff, 0x01, 0xdf, 0xff,
    0x61, 0xff, 0xff, 0x01, 0xdf, 0xff, 0x01, 0xa7, 0x31, 0x01, 0xe8, 0x39, 0x01, 0x9a, 0xd6, 0x01,
    0x79, 0xc6, 0x01, 0x38, 0xbe, 0x01, 0x20, 0x00, 0x01, 0xf3, 0x94, 0x01, 0xd7, 0xb5, 0x01, 0x00,
    0x00, 0x01, 0x71, 0x84, 0x01, 0x59, 0xce, 0x01, 0x6e, 0x6b, 0x01, 0x00, 0x00, 0x01, 0x79, 0xce,
    0x02, 0xff, 0xff, 0x01, 0x96, 0xb5, 0x01, 0x00, 0x00, 0x01, 0xdb, 0xd6, 0x02, 0xff, 0xff, 0x01,
    0xf0, 0x7b, 0x01, 0x00, 0x00, 0x01, 0xb3, 0x94, 0x01, 0x79, 0xce, 0x01, 0x6e, 0x6b, 0x01, 0x00,
    0x00, 0x01, 0xb7, 0xb5, 0x01, 0xff, 0xff, 0x01, 0xc3, 0x10, 0x01, 0xf3, 0x9c, 0x01, 0x55, 0xa5,
    0x01, 0x00, 0x00, 0x01, 0xf0, 0x7b, 0x01, 0x39, 0xc6, 0x01, 0x41, 0x00, 0x01, 0x7d, 0xef, 0x01,
    0x08, 0x42, 0x01, 0xe8, 0x39, 0x01, 0xbb, 0xd6, 0x01, 0x79, 0xce, 0x01, 0x39, 0xc6, 0x01, 0x41,
    0x08, 0x01, 0xaf, 0x73, 0x01, 0xff, 0xff, 0x01, 0x92, 0x8c, 0x01, 0x00, 0x00, 0x01, 0x7d, 0xef,
    0x01, 0xdf, 0xff, 0x01, 0xff, 0xff, 0x01, 0x28, 0x42, 0x01, 0x86, 0x29, 0x01, 0xff, 0xff, 0x01,
    0x14, 0x9d, 0x01, 0x00, 0x00, 0x01, 0xcf, 0x73, 0x01, 0x59, 0xc6, 0x01, 0x51, 0x84, 0x01, 0x00,
    0x00, 0x01, 0x10, 0x7c, 0x01, 0xff, 0xff, 0x01, 0xcb, 0x52, 0x01, 0xe7, 0x39, 0x01, 0xff, 0xff,
    0x01, 0x7d, 0xef, 0x01, 0xa7, 0x31, 0x01, 0x20, 0x00, 0x01, 0xb2, 0x94, 0x01, 0xff, 0xff, 0x01,
    0xdf, 0xff, 0x61, 0xff, 0xff, 0x01, 0x7e, 0xef, 0x01, 0x66, 0x29, 0x01, 0xd7, 0xb5, 0x03, 0xff,
    0xff, 0x01, 0xcb, 0x52, 0x01, 0x8e, 0x6b, 0x01, 0xff, 0xff, 0x01, 0x10, 0x7c, 0x01, 0x45, 0x21,
    0x01, 0x04, 0x19, 0x01, 0x66, 0x29, 0x01, 0xb2, 0x94, 0x01, 0xff, 0xff, 0x01, 0xdf, 0xf7, 0x01,
    0xff, 0xff, 0x01, 0x38, 0xc6, 0x01, 0x45, 0x29, 0x01, 0x1c, 0xdf, 0x02, 0xdf, 0xf7, 0x01, 0xdf,
    0xff, 0x01, 0xf0, 0x7b, 0x02, 0x25, 0x21, 0x01, 0x86, 0x31, 0x01, 0x14, 0x9d, 0x01, 0xff, 0xff,
    0x01, 0xdf, 0xff, 0x01, 0x49, 0x42, 0x01, 0x55, 0xa5, 0x01, 0x1c, 0xdf, 0x01, 0x25, 0x21, 0x01,
    0xf7, 0xbd, 0x01, 0x7a, 0xce, 0x01, 0xc7, 0x31, 0x01, 0x7d, 0xef, 0x01, 0x29, 0x42, 0x01, 0x14,
    0x9d, 0x03, 0xff, 0xff, 0x01, 0x4d, 0x63, 0x01, 0xcb, 0x52, 0x01, 0xff, 0xff, 0x01, 0x75, 0xad,
    0x01, 0x86, 0x29, 0x01, 0x9e, 0xf7, 0x01, 0xdf, 0xff, 0x01, 0xff, 0xff, 0x01, 0x2c, 0x63, 0x01,
    0x0c, 0x5b, 0x02, 0xff, 0xff, 0x01, 0xf3, 0x9c, 0x01, 0x66, 0x29, 0x01, 0xe4, 0x18, 0x01, 0x45,
    0x29, 0x01, 0x51, 0x84, 0x01, 0xdf, 0xf7, 0x01, 0xff, 0xff, 0x01, 0x31, 0x84, 0x01, 0x0c, 0x5b,
    0x02, 0xff, 0xff, 0x01, 0x38, 0xc6, 0x01, 0x45, 0x21, 0x01, 0x96, 0xad, 0x01, 0xff, 0xff, 0x01,
    0xdf, 0xff, 0x61, 0xff, 0xff, 0x01, 0xdf, 0xff, 0x01, 0xbe, 0xf7, 0x01, 0xdf, 0xff, 0x01, 0xdf,
    0xf7, 0x01, 0xdf, 0xff, 0x01, 0xbf, 0xf7, 0x02, 0xbe, 0xf7, 0x01, 0xdf, 0xff, 0x01, 0xff, 0xff,
    0x01, 0xdf, 0xff, 0x01, 0x5d, 0xef, 0x02, 0xff, 0xff, 0x01, 0xdf, 0xff, 0x02, 0xff, 0xff, 0x01,
    0xdf, 0xff, 0x01, 0x9e, 0xf7, 0x01, 0xbe, 0xf7, 0x02, 0xdf, 0xf7, 0x01, 0xdf, 0xff, 0x01, 0xff,
    0xff, 0x01, 0xdf, 0xf7, 0x01, 0x5d, 0xe7, 0x02, 0xff, 0xff, 0x02, 0xdf, 0xff, 0x01, 0x9e, 0xf7,
    0x01, 0xbe, 0xf7, 0x01, 0xff, 0xff, 0x01, 0x7e, 0xef, 0x01, 0xff, 0xff, 0x01, 0xdf, 0xf7, 0x01,
    0x7e, 0xef, 0x01, 0xff, 0xff, 0x01, 0xbe, 0xf7, 0x01, 0xdf, 0xff, 0x01, 0xdf, 0xf7, 0x02, 0xdf,
    0xff, 0x01, 0x9e, 0xf7, 0x01, 0xdf, 0xff, 0x01, 0xff, 0xff, 0x01, 0xbf, 0xf7, 0x01, 0x9e, 0xef,
    0x01, 0xff, 0xff, 0x02, 0xdf, 0xff, 0x01, 0xbe, 0xf7, 0x03, 0xdf, 0xf7, 0x02, 0xff, 0xff, 0x01,
    0x5d, 0xef, 0x02, 0xff, 0xff, 0x02, 0xdf, 0xf7, 0x01, 0xbe, 0xf7, 0x01, 0x9e, 0xef, 0x03, 0xff,
    0xff, 0x01, 0x9e, 0xef, 0x02, 0xdf, 0xf7, 0x62, 0xff, 0xff, 0x01, 0xdf, 0xff, 0x01, 0xff, 0xff,
    0x01, 0xdf, 0xff, 0x02, 0xff, 0xff, 0x02, 0xdf, 0xff, 0x02, 0xff, 0xff, 0x02, 0xdf, 0xff, 0x01,
    0xff, 0xff, 0x02, 0xdf, 0xff, 0x05, 0xff, 0xff, 0x01, 0xdf, 0xff, 0x02, 0xff, 0xff, 0x01, 0xdf,
    0xff, 0x01, 0xdf, 0xf7, 0x01, 0xdf, 0xff, 0x02, 0xff, 0xff, 0x01, 0xdf, 0xf7, 0x04, 0xff, 0xff,
    0x01, 0xdf, 0xff, 0x04, 0xff, 0xff, 0x01, 0xdf, 0xff, 0x02, 0xff, 0xff, 0x01, 0xdf, 0xff, 0x05,
    0xff, 0xff, 0x01, 0xdf, 0xff, 0x08, 0xff, 0xff, 0x01, 0xdf, 0xff, 0x03, 0xff, 0xff, 0x01, 0xbe,
    0xf7, 0x01, 0xbf, 0xf7, 0x01, 0xdf, 0xff, 0x04, 0xff, 0xff, 0x01, 0xdf, 0xff, 0xff, 0xff, 0xff,
    0xff, 0xff, 0xff, 0xff, 0xff, 0xff, 0xff, 0xff, 0xff, 0xff, 0xff, 0xff, 0xff, 0xff, 0xff, 0xff,
    0xff, 0xff, 0xff, 0xff, 0xff, 0xff, 0xff, 0xff, 0xff, 0xff, 0xff, 0xff, 0xff, 0xff, 0xff, 0xff,
    0xff, 0xff, 0xff, 0xff, 0xff, 0xff, 0xff, 0xb2, 0xff, 0xff,
};
